lon,lat,subregion,iso3c,data_quality,action_needed
124.32125174482945,12.303361506662391,Samar,PHL,3,Allocate spatially
125.2116105470855,11.08364064591473,Samar,PHL,3,Allocate spatially
125.20445853628348,11.084854379738601,Samar,PHL,3,Allocate spatially
125.19799019096219,11.088135805288031,Samar,PHL,3,Allocate spatially
125.19275514684395,11.09316200632983,Samar,PHL,3,Allocate spatially
125.18833256012849,11.098885309142442,Samar,PHL,3,Allocate spatially
125.18367806408644,11.104455909395103,Samar,PHL,3,Allocate spatially
125.18085643241034,11.111135962996983,Samar,PHL,3,Allocate spatially
125.17879725363889,11.11807408097866,Samar,PHL,3,Allocate spatially
125.17783317860834,11.125261773114751,Samar,PHL,3,Allocate spatially
125.178074244265,11.132451570011447,Samar,PHL,3,Allocate spatially
125.17757912167343,11.139688590930332,Samar,PHL,3,Allocate spatially
125.17609034724899,11.146787506049417,Samar,PHL,3,Allocate spatially
125.17282362175037,11.153251379726738,Samar,PHL,3,Allocate spatially
125.17107817933288,11.160299783151652,Samar,PHL,3,Allocate spatially
125.17010644411478,11.167506060379996,Samar,PHL,3,Allocate spatially
125.16973623750336,11.174651821922955,Samar,PHL,3,Allocate spatially
125.16405902216142,11.179177237548789,Samar,PHL,3,Allocate spatially
125.159427079795,11.184786648133969,Samar,PHL,3,Allocate spatially
125.15617621681187,11.19126906187574,Samar,PHL,3,Allocate spatially
125.15489347102324,11.198419868063999,Samar,PHL,3,Allocate spatially
125.15415813946724,11.205350123402635,Samar,PHL,3,Allocate spatially
125.1512098160671,11.211983242431815,Samar,PHL,3,Allocate spatially
125.14967390199331,11.219071416909598,Samar,PHL,3,Allocate spatially
125.15027575581094,11.226304999110358,Samar,PHL,3,Allocate spatially
125.14944986374171,11.233067835228676,Samar,PHL,3,Allocate spatially
125.14539616117594,11.239090855528405,Samar,PHL,3,Allocate spatially
125.14187474893123,11.245287379973268,Samar,PHL,3,Allocate spatially
125.1373252434872,11.250924438994842,Samar,PHL,3,Allocate spatially
125.1328085063854,11.256618891285104,Samar,PHL,3,Allocate spatially
125.12666337574566,11.259851706555851,Samar,PHL,3,Allocate spatially
125.11970650487012,11.259018483045546,Samar,PHL,3,Allocate spatially
125.1126468008989,11.25725702027465,Samar,PHL,3,Allocate spatially
125.10545633646066,11.256202348074284,Samar,PHL,3,Allocate spatially
125.09822221259039,11.25556032936122,Samar,PHL,3,Allocate spatially
125.09098264023254,11.25596174534702,Samar,PHL,3,Allocate spatially
125.06983280319777,11.25451056964974,Samar,PHL,3,Allocate spatially
125.06257660620358,11.254515363563776,Samar,PHL,3,Allocate spatially
125.05532302106215,11.254858831107931,Samar,PHL,3,Allocate spatially
125.04816095001443,11.25611415935277,Samar,PHL,3,Allocate spatially
125.04186430726038,11.253795567826685,Samar,PHL,3,Allocate spatially
125.03501116719995,11.251415833212912,Samar,PHL,3,Allocate spatially
125.02775663921112,11.251016005273893,Samar,PHL,3,Allocate spatially
125.0213866766052,11.248638328231644,Samar,PHL,3,Allocate spatially
124.9333013117957,11.42532463734883,Samar,PHL,3,Allocate spatially
124.92680049408125,11.428460426291181,Samar,PHL,3,Allocate spatially
124.92118409003466,11.432941265742178,Samar,PHL,3,Allocate spatially
124.91451231817841,11.435644744361207,Samar,PHL,3,Allocate spatially
124.90801041087715,11.438825977341743,Samar,PHL,3,Allocate spatially
124.90196906713011,11.44241175331046,Samar,PHL,3,Allocate spatially
124.89517336550598,11.43997475492207,Samar,PHL,3,Allocate spatially
124.86741778135507,11.441165006728383,Samar,PHL,3,Allocate spatially
124.86029319296563,11.439977295943613,Samar,PHL,3,Allocate spatially
124.84590616755483,11.44001192408508,Samar,PHL,3,Allocate spatially
124.8389161682991,11.44183339264353,Samar,PHL,3,Allocate spatially
124.83184162086269,11.443284934922174,Samar,PHL,3,Allocate spatially
124.82550198484056,11.446739123525386,Samar,PHL,3,Allocate spatially
124.82047682463889,11.451921381404631,Samar,PHL,3,Allocate spatially
124.81525801979049,11.456674946280147,Samar,PHL,3,Allocate spatially
124.8102184198217,11.461843042931603,Samar,PHL,3,Allocate spatially
124.8069565861571,11.468281998052465,Samar,PHL,3,Allocate spatially
124.80296885378225,11.473970105083895,Samar,PHL,3,Allocate spatially
124.79888949735685,11.479924413600905,Samar,PHL,3,Allocate spatially
124.79672935573518,11.486814095511429,Samar,PHL,3,Allocate spatially
124.79663182126403,11.494030491417092,Samar,PHL,3,Allocate spatially
124.79815976918927,11.501097745548314,Samar,PHL,3,Allocate spatially
124.79616913334888,11.507955654978607,Samar,PHL,3,Allocate spatially
124.79497765749365,11.515075888648838,Samar,PHL,3,Allocate spatially
124.80353065150916,11.53428668925552,Samar,PHL,3,Allocate spatially
124.85270104144858,11.571915040332545,Samar,PHL,3,Allocate spatially
124.85492196462059,11.578821646898467,Samar,PHL,3,Allocate spatially
124.85797157492705,11.585408516926526,Samar,PHL,3,Allocate spatially
124.8620090469684,11.591456724517519,Samar,PHL,3,Allocate spatially
124.8672479012752,11.596474736763062,Samar,PHL,3,Allocate spatially
124.87374453145841,11.599703596945321,Samar,PHL,3,Allocate spatially
124.88076788227539,11.601538122713142,Samar,PHL,3,Allocate spatially
124.90215755175852,11.602607463296076,Samar,PHL,3,Allocate spatially
124.9094107061656,11.60240208457149,Samar,PHL,3,Allocate spatially
124.91632769228181,11.600180102134713,Samar,PHL,3,Allocate spatially
124.92279293639092,11.59684251112411,Samar,PHL,3,Allocate spatially
124.92923410253022,11.596872274259942,Samar,PHL,3,Allocate spatially
124.93354336036414,11.601258258851233,Samar,PHL,3,Allocate spatially
124.93650791533013,11.607896588995187,Samar,PHL,3,Allocate spatially
124.94083115336855,11.61373495267246,Samar,PHL,3,Allocate spatially
124.94652441094095,11.618243595293723,Samar,PHL,3,Allocate spatially
124.95214635388017,11.622442460799954,Samar,PHL,3,Allocate spatially
124.95729288003764,11.627554715412293,Samar,PHL,3,Allocate spatially
124.96290327585571,11.631775802448574,Samar,PHL,3,Allocate spatially
124.95805580032837,11.636995374886414,Samar,PHL,3,Allocate spatially
124.95359872913352,11.642720884726124,Samar,PHL,3,Allocate spatially
124.95069536169808,11.649390328482676,Samar,PHL,3,Allocate spatially
124.94803602229739,11.65614401424838,Samar,PHL,3,Allocate spatially
124.94643490918779,11.663232802416003,Samar,PHL,3,Allocate spatially
124.94659123000892,11.670494749220062,Samar,PHL,3,Allocate spatially
124.94871844382345,11.677437410690354,Samar,PHL,3,Allocate spatially
124.95274664823168,11.683469984338664,Samar,PHL,3,Allocate spatially
124.95701202081719,11.689318097340111,Samar,PHL,3,Allocate spatially
124.96175009712863,11.694845490780436,Samar,PHL,3,Allocate spatially
124.96702345179658,11.699841154120529,Samar,PHL,3,Allocate spatially
124.97338816524467,11.703355867176914,Samar,PHL,3,Allocate spatially
124.97911940702627,11.707617999408585,Samar,PHL,3,Allocate spatially
124.98458589819688,11.712423825163405,Samar,PHL,3,Allocate spatially
124.98967477760526,11.717597601136672,Samar,PHL,3,Allocate spatially
124.99411299020588,11.723227813274669,Samar,PHL,3,Allocate spatially
124.99659192357457,11.730031159485529,Samar,PHL,3,Allocate spatially
125.00031379506353,11.736285205444121,Samar,PHL,3,Allocate spatially
125.00423013235181,11.742411729183463,Samar,PHL,3,Allocate spatially
125.00588784158066,11.748215306953403,Samar,PHL,3,Allocate spatially
125.00027146366196,11.751629752457463,Samar,PHL,3,Allocate spatially
124.99310834189377,11.751707851511513,Samar,PHL,3,Allocate spatially
124.98686867367287,11.748420158115591,Samar,PHL,3,Allocate spatially
124.98051018180506,11.74490390686347,Samar,PHL,3,Allocate spatially
124.97360751729036,11.742642096099303,Samar,PHL,3,Allocate spatially
124.96739104251243,11.738945702777594,Samar,PHL,3,Allocate spatially
124.96049051383737,11.736700782352,Samar,PHL,3,Allocate spatially
124.95351997215127,11.735006084070516,Samar,PHL,3,Allocate spatially
124.9479967907776,11.73029771341002,Samar,PHL,3,Allocate spatially
124.94136549998919,11.727342956389572,Samar,PHL,3,Allocate spatially
124.9346086397349,11.724720567886049,Samar,PHL,3,Allocate spatially
124.92836447884936,11.721026820663706,Samar,PHL,3,Allocate spatially
124.9213527837344,11.719145067590805,Samar,PHL,3,Allocate spatially
124.91431090834276,11.717350061140147,Samar,PHL,3,Allocate spatially
124.90707007384513,11.71687511504234,Samar,PHL,3,Allocate spatially
124.89998717401444,11.718475477255252,Samar,PHL,3,Allocate spatially
124.89364241991352,11.721993983476759,Samar,PHL,3,Allocate spatially
124.88858141102779,11.727162126246524,Samar,PHL,3,Allocate spatially
124.88166328374213,11.729353784409746,Samar,PHL,3,Allocate spatially
124.87492712420283,11.732048077792571,Samar,PHL,3,Allocate spatially
124.86897069245843,11.73618974262981,Samar,PHL,3,Allocate spatially
124.86433790097401,11.741777508866441,Samar,PHL,3,Allocate spatially
124.86158112434121,11.74848637634198,Samar,PHL,3,Allocate spatially
124.86036992586655,11.75565847428439,Samar,PHL,3,Allocate spatially
124.8563297020167,11.761334850238525,Samar,PHL,3,Allocate spatially
124.85029988544954,11.76531012157708,Samar,PHL,3,Allocate spatially
124.84416155265335,11.769180025749831,Samar,PHL,3,Allocate spatially
124.83918419524882,11.774483744076694,Samar,PHL,3,Allocate spatially
124.83535909372709,11.780672635804466,Samar,PHL,3,Allocate spatially
124.83306523392855,11.787562171078916,Samar,PHL,3,Allocate spatially
124.83086603870146,11.793559085806653,Samar,PHL,3,Allocate spatially
124.82459487447878,11.797208959815178,Samar,PHL,3,Allocate spatially
124.81954809147835,11.802423147107675,Samar,PHL,3,Allocate spatially
124.81577810755189,11.808618773268552,Samar,PHL,3,Allocate spatially
124.81219917288126,11.814856851574326,Samar,PHL,3,Allocate spatially
124.80602778118184,11.81856250621811,Samar,PHL,3,Allocate spatially
124.79920713468226,11.820916820990883,Samar,PHL,3,Allocate spatially
124.79230599190248,11.823216798724493,Samar,PHL,3,Allocate spatially
124.78573817246881,11.826339100614756,Samar,PHL,3,Allocate spatially
124.77967676963209,11.830328210678891,Samar,PHL,3,Allocate spatially
124.77500014586299,11.835881716515907,Samar,PHL,3,Allocate spatially
124.76797824291955,11.837538693576859,Samar,PHL,3,Allocate spatially
124.7616122765306,11.841026785947799,Samar,PHL,3,Allocate spatially
124.75651079234079,11.846191366815333,Samar,PHL,3,Allocate spatially
124.75291156736657,11.852508878232157,Samar,PHL,3,Allocate spatially
124.7506445290318,11.85939986373376,Samar,PHL,3,Allocate spatially
124.75053542793164,11.866653078658267,Samar,PHL,3,Allocate spatially
124.7499938025086,11.871690347920998,Samar,PHL,3,Allocate spatially
124.74277482435049,11.870946865346193,Samar,PHL,3,Allocate spatially
124.7356263215671,11.872217092958223,Samar,PHL,3,Allocate spatially
124.72859260204598,11.874041837841846,Samar,PHL,3,Allocate spatially
124.72227539585185,11.877609845051046,Samar,PHL,3,Allocate spatially
124.71722278815754,11.882818503077146,Samar,PHL,3,Allocate spatially
124.71392731501494,11.889285279697939,Samar,PHL,3,Allocate spatially
124.71264420197203,11.896425782471022,Samar,PHL,3,Allocate spatially
124.71360594355673,11.903616908077261,Samar,PHL,3,Allocate spatially
124.7163160913124,11.910368568982387,Samar,PHL,3,Allocate spatially
124.71162345876238,11.915277330408339,Samar,PHL,3,Allocate spatially
124.705784710169,11.919147180565657,Samar,PHL,3,Allocate spatially
124.6988431060894,11.92132949711362,Samar,PHL,3,Allocate spatially
124.69243183338124,11.924732563109918,Samar,PHL,3,Allocate spatially
124.68712826389353,11.929697521096493,Samar,PHL,3,Allocate spatially
124.68226950153752,11.935072330119697,Samar,PHL,3,Allocate spatially
124.67709300342293,11.940158403616083,Samar,PHL,3,Allocate spatially
124.67266753459256,11.945910535431823,Samar,PHL,3,Allocate spatially
124.66868527147416,11.951983218545113,Samar,PHL,3,Allocate spatially
124.6658040428544,11.95865818612271,Samar,PHL,3,Allocate spatially
124.66407145225087,11.965725925380312,Samar,PHL,3,Allocate spatially
124.66249234806686,11.972826071178241,Samar,PHL,3,Allocate spatially
124.66260210057058,11.98008561636815,Samar,PHL,3,Allocate spatially
124.66477029203355,11.987013612083533,Samar,PHL,3,Allocate spatially
124.66557709026053,11.993672301610028,Samar,PHL,3,Allocate spatially
124.65984817371945,11.998130975367364,Samar,PHL,3,Allocate spatially
124.65555293690947,12.003984279167566,Samar,PHL,3,Allocate spatially
124.65008757603431,12.008609940725162,Samar,PHL,3,Allocate spatially
124.64501268379475,12.013817191592482,Samar,PHL,3,Allocate spatially
124.63976179742573,12.018836180594299,Samar,PHL,3,Allocate spatially
124.63467557623031,12.024004009943205,Samar,PHL,3,Allocate spatially
124.62832804211452,12.027556088072057,Samar,PHL,3,Allocate spatially
124.62146455737673,12.029819793350566,Samar,PHL,3,Allocate spatially
124.61480831623415,12.032559744257371,Samar,PHL,3,Allocate spatially
124.60777464482508,12.034404295130063,Samar,PHL,3,Allocate spatially
124.60092020968985,12.036810293602748,Samar,PHL,3,Allocate spatially
124.59378990495777,12.035687986248531,Samar,PHL,3,Allocate spatially
124.5865839566461,12.036535919060574,Samar,PHL,3,Allocate spatially
124.57994238473646,12.039456271844864,Samar,PHL,3,Allocate spatially
124.57336607633019,12.041989307465052,Samar,PHL,3,Allocate spatially
124.56644824499489,12.04093612831456,Samar,PHL,3,Allocate spatially
124.55975797182869,12.038073736364355,Samar,PHL,3,Allocate spatially
124.55273319847616,12.03618771874386,Samar,PHL,3,Allocate spatially
124.54563159571515,12.034640293904001,Samar,PHL,3,Allocate spatially
124.53837743126482,12.034122900902522,Samar,PHL,3,Allocate spatially
124.53116154318134,12.034925513932285,Samar,PHL,3,Allocate spatially
124.52432058183679,12.037346283820524,Samar,PHL,3,Allocate spatially
124.51848714326832,12.041659313858652,Samar,PHL,3,Allocate spatially
124.51232842725415,12.045498597661284,Samar,PHL,3,Allocate spatially
124.50743946467226,12.050876679983151,Samar,PHL,3,Allocate spatially
124.50162350389492,12.054684501463049,Samar,PHL,3,Allocate spatially
124.49559225876996,12.05871890500026,Samar,PHL,3,Allocate spatially
124.48932181067737,12.062147778498248,Samar,PHL,3,Allocate spatially
124.48342110428518,12.066370749659463,Samar,PHL,3,Allocate spatially
124.47905890635904,12.072168117348383,Samar,PHL,3,Allocate spatially
124.47539826510636,12.077820002238024,Samar,PHL,3,Allocate spatially
124.46882713403505,12.080910690621133,Samar,PHL,3,Allocate spatially
124.46342403756627,12.085751552212008,Samar,PHL,3,Allocate spatially
124.45944595182686,12.091797749524615,Samar,PHL,3,Allocate spatially
124.4550779136068,12.097591156716291,Samar,PHL,3,Allocate spatially
124.45125375862986,12.103756229712925,Samar,PHL,3,Allocate spatially
124.44870403716864,12.11056249674261,Samar,PHL,3,Allocate spatially
124.44225918440412,12.11347631404066,Samar,PHL,3,Allocate spatially
124.43628312379909,12.117591065103477,Samar,PHL,3,Allocate spatially
124.43141337241143,12.12299729034561,Samar,PHL,3,Allocate spatially
124.42784890235221,12.12931468680836,Samar,PHL,3,Allocate spatially
124.42637057871192,12.136415493346824,Samar,PHL,3,Allocate spatially
124.42341685455736,12.141567854344107,Samar,PHL,3,Allocate spatially
124.41642570283956,12.143244274625356,Samar,PHL,3,Allocate spatially
124.40946969558597,12.14537351431581,Samar,PHL,3,Allocate spatially
124.40326636443314,12.149139098742879,Samar,PHL,3,Allocate spatially
124.39841163348117,12.154539928543997,Samar,PHL,3,Allocate spatially
124.39523530399586,12.161062324375147,Samar,PHL,3,Allocate spatially
124.3908691419962,12.16611403489586,Samar,PHL,3,Allocate spatially
124.38515119163385,12.17060836872006,Samar,PHL,3,Allocate spatially
124.37872539639505,12.1739765299053,Samar,PHL,3,Allocate spatially
124.37315132539132,12.178652219157884,Samar,PHL,3,Allocate spatially
124.36873602605161,12.184410149044178,Samar,PHL,3,Allocate spatially
124.36587974541993,12.19109692403935,Samar,PHL,3,Allocate spatially
124.36390941839602,12.198078875514359,Samar,PHL,3,Allocate spatially
124.36167985426694,12.204980128374046,Samar,PHL,3,Allocate spatially
124.35784935346753,12.211109843313343,Samar,PHL,3,Allocate spatially
124.35478832926302,12.217711883584911,Samar,PHL,3,Allocate spatially
124.35246324142906,12.224537902528368,Samar,PHL,3,Allocate spatially
124.3497760610868,12.231286039547642,Samar,PHL,3,Allocate spatially
124.34684444221352,12.237924522503704,Samar,PHL,3,Allocate spatially
124.34356619502549,12.244323130412127,Samar,PHL,3,Allocate spatially
124.3401887126043,12.25074446799485,Samar,PHL,3,Allocate spatially
124.33766754387295,12.257548564478967,Samar,PHL,3,Allocate spatially
124.33598979591122,12.264607297701042,Samar,PHL,3,Allocate spatially
124.3332646841381,12.270894074549012,Samar,PHL,3,Allocate spatially
124.32781443320079,12.275698442533015,Samar,PHL,3,Allocate spatially
124.32367389923873,12.281657289964567,Samar,PHL,3,Allocate spatially
124.32151349554594,12.288581782261197,Samar,PHL,3,Allocate spatially
124.32156544717111,12.295835821232874,Samar,PHL,3,Allocate spatially
123.34467344860103,10.993720224395537,Negros Occidental,PHL,3,Allocate spatially
123.56411959394799,10.71543858849871,Negros Occidental,PHL,3,Allocate spatially
122.48862055843124,9.504714700978768,Negros Occidental,PHL,3,Allocate spatially
122.44481925992876,10.015215115495925,Negros Occidental,PHL,3,Allocate spatially
122.80343187542367,10.309238273640434,Negros Occidental,PHL,3,Allocate spatially
122.9091702571048,10.826244912636929,Negros Occidental,PHL,3,Allocate spatially
122.41249344464262,11.700390451746296,Capiz,PHL,3,Allocate spatially
122.41882847696628,11.700682238625806,Capiz,PHL,3,Allocate spatially
122.42516269697758,11.70054143150046,Capiz,PHL,3,Allocate spatially
122.43150365742234,11.700679911722661,Capiz,PHL,3,Allocate spatially
122.43783833007596,11.700585371366746,Capiz,PHL,3,Allocate spatially
122.44418033045893,11.700618701813942,Capiz,PHL,3,Allocate spatially
122.45048648441956,11.699951115073572,Capiz,PHL,3,Allocate spatially
122.45667975551642,11.698590176451345,Capiz,PHL,3,Allocate spatially
122.46268404913576,11.696551265172664,Capiz,PHL,3,Allocate spatially
122.46842489641396,11.69385758068248,Capiz,PHL,3,Allocate spatially
122.4738301931052,11.690540126597455,Capiz,PHL,3,Allocate spatially
122.47881682030858,11.686621183929836,Capiz,PHL,3,Allocate spatially
122.48345817271765,11.682294561948881,Capiz,PHL,3,Allocate spatially
122.48813265241786,11.678003647522909,Capiz,PHL,3,Allocate spatially
122.49304940498247,11.674000242320188,Capiz,PHL,3,Allocate spatially
122.49829023632456,11.67042259014117,Capiz,PHL,3,Allocate spatially
122.50378467918186,11.667262179153981,Capiz,PHL,3,Allocate spatially
122.50952586741855,11.664561468248026,Capiz,PHL,3,Allocate spatially
122.51502183555225,11.661395391845684,Capiz,PHL,3,Allocate spatially
122.52036643307899,11.657988392090077,Capiz,PHL,3,Allocate spatially
122.52568094027214,11.654529525571027,Capiz,PHL,3,Allocate spatially
122.53057471309126,11.650496886846575,Capiz,PHL,3,Allocate spatially
122.5350676605085,11.646020330316913,Capiz,PHL,3,Allocate spatially
122.53905565054254,11.641090527649384,Capiz,PHL,3,Allocate spatially
122.54422844104646,11.638162549931568,Capiz,PHL,3,Allocate spatially
122.55022469672025,11.636097001231757,Capiz,PHL,3,Allocate spatially
122.55595200191614,11.633374606996767,Capiz,PHL,3,Allocate spatially
122.56177173549291,11.631007711993496,Capiz,PHL,3,Allocate spatially
122.56778034722771,11.62897566037942,Capiz,PHL,3,Allocate spatially
122.57357583018998,11.626402079651541,Capiz,PHL,3,Allocate spatially
122.57908076938247,11.623253542139592,Capiz,PHL,3,Allocate spatially
122.58494963241634,11.620963267052474,Capiz,PHL,3,Allocate spatially
122.59074179092946,11.619282244113343,Capiz,PHL,3,Allocate spatially
122.59556985373187,11.623394444691733,Capiz,PHL,3,Allocate spatially
122.60083686741676,11.62692755914837,Capiz,PHL,3,Allocate spatially
122.60646989226059,11.629841113804996,Capiz,PHL,3,Allocate spatially
122.61239238828577,11.632107559617644,Capiz,PHL,3,Allocate spatially
122.61852877915616,11.633706478198107,Capiz,PHL,3,Allocate spatially
122.62480134591726,11.634635038752695,Capiz,PHL,3,Allocate spatially
122.6311381525593,11.634860717201382,Capiz,PHL,3,Allocate spatially
122.63746667275387,11.634434964155655,Capiz,PHL,3,Allocate spatially
122.64372621223737,11.633414911358015,Capiz,PHL,3,Allocate spatially
122.64982855704454,11.631687303737547,Capiz,PHL,3,Allocate spatially
122.65443916654814,11.63261913369934,Capiz,PHL,3,Allocate spatially
122.6575353711492,11.638153811037556,Capiz,PHL,3,Allocate spatially
122.66041317710005,11.643771014548339,Capiz,PHL,3,Allocate spatially
122.66333834043914,11.649398012796274,Capiz,PHL,3,Allocate spatially
122.66689780215121,11.654646250069069,Capiz,PHL,3,Allocate spatially
122.67102898073867,11.659456418795418,Capiz,PHL,3,Allocate spatially
122.67567514795955,11.663770980713545,Capiz,PHL,3,Allocate spatially
122.68077653196556,11.667537081248788,Capiz,PHL,3,Allocate spatially
122.68626886159137,11.670707547950084,Capiz,PHL,3,Allocate spatially
122.6920866810461,11.673232493563132,Capiz,PHL,3,Allocate spatially
122.69815171322836,11.675084877179243,Capiz,PHL,3,Allocate spatially
122.7043825814137,11.676263301068019,Capiz,PHL,3,Allocate spatially
122.71070449250531,11.676754536745092,Capiz,PHL,3,Allocate spatially
122.71704232599835,11.676545855579779,Capiz,PHL,3,Allocate spatially
122.72331797897189,11.675632901638457,Capiz,PHL,3,Allocate spatially
122.72945130532344,11.674020086140434,Capiz,PHL,3,Allocate spatially
122.73536328366916,11.671726541096179,Capiz,PHL,3,Allocate spatially
122.74168418785783,11.67214096174737,Capiz,PHL,3,Allocate spatially
122.74802087598104,11.671880720069625,Capiz,PHL,3,Allocate spatially
122.75428662073102,11.670900831313359,Capiz,PHL,3,Allocate spatially
122.76040548892159,11.669236297246316,Capiz,PHL,3,Allocate spatially
122.76630291121059,11.666905852593855,Capiz,PHL,3,Allocate spatially
122.77190761959797,11.663938964360337,Capiz,PHL,3,Allocate spatially
122.77692472184015,11.66371960911685,Capiz,PHL,3,Allocate spatially
122.78038682998677,11.669033166846232,Capiz,PHL,3,Allocate spatially
122.78442794393916,11.673919820640391,Capiz,PHL,3,Allocate spatially
122.7889845804982,11.678330264649057,Capiz,PHL,3,Allocate spatially
122.79356946954908,11.682694510756253,Capiz,PHL,3,Allocate spatially
122.79826965102482,11.686952062512212,Capiz,PHL,3,Allocate spatially
122.80340963744845,11.690668932164964,Capiz,PHL,3,Allocate spatially
122.80883553123103,11.693951090471813,Capiz,PHL,3,Allocate spatially
122.81459113187941,11.696612731529036,Capiz,PHL,3,Allocate spatially
122.8206057950398,11.698623681408863,Capiz,PHL,3,Allocate spatially
122.82681176700143,11.699930098893727,Capiz,PHL,3,Allocate spatially
122.83312172121695,11.700565064214546,Capiz,PHL,3,Allocate spatially
122.83946430294483,11.700663445673644,Capiz,PHL,3,Allocate spatially
122.84580580378794,11.700547036745515,Capiz,PHL,3,Allocate spatially
122.85209451794772,11.699724735891047,Capiz,PHL,3,Allocate spatially
122.85825287240596,11.69821180402088,Capiz,PHL,3,Allocate spatially
122.86420507036345,11.69602543677039,Capiz,PHL,3,Allocate spatially
122.86987710759776,11.693190655144042,Capiz,PHL,3,Allocate spatially
122.8751975287466,11.689740281502994,Capiz,PHL,3,Allocate spatially
122.8800982517568,11.685714859180495,Capiz,PHL,3,Allocate spatially
122.88486754492025,11.681536360001392,Capiz,PHL,3,Allocate spatially
122.88919350046197,11.676900293960042,Capiz,PHL,3,Allocate spatially
122.89296722794174,11.671804102126174,Capiz,PHL,3,Allocate spatially
122.89613303804931,11.666308869016264,Capiz,PHL,3,Allocate spatially
122.89862954756222,11.660479161848295,Capiz,PHL,3,Allocate spatially
122.9004416782648,11.654402638834496,Capiz,PHL,3,Allocate spatially
122.90154414067649,11.64815850342164,Capiz,PHL,3,Allocate spatially
122.90192138302939,11.641828727275266,Capiz,PHL,3,Allocate spatially
122.90156795929252,11.635496720019288,Capiz,PHL,3,Allocate spatially
122.90048205930457,11.629247871610762,Capiz,PHL,3,Allocate spatially
122.89870062837461,11.623161916591807,Capiz,PHL,3,Allocate spatially
122.89626979427088,11.617304785163618,Capiz,PHL,3,Allocate spatially
122.89320035949405,11.611755329172325,Capiz,PHL,3,Allocate spatially
122.89614180424769,11.607349370002074,Capiz,PHL,3,Allocate spatially
122.90054373450575,11.602785519726533,Capiz,PHL,3,Allocate spatially
122.90439851821108,11.597751180813146,Capiz,PHL,3,Allocate spatially
122.90765365707806,11.592309751609937,Capiz,PHL,3,Allocate spatially
122.9124410645641,11.588482188833416,Capiz,PHL,3,Allocate spatially
122.9177508485615,11.585009760109045,Capiz,PHL,3,Allocate spatially
122.92274471707661,11.581096090430842,Capiz,PHL,3,Allocate spatially
122.92786835354161,11.577383103805191,Capiz,PHL,3,Allocate spatially
122.93370844953289,11.574927812660361,Capiz,PHL,3,Allocate spatially
122.93967788837413,11.572775682798648,Capiz,PHL,3,Allocate spatially
122.94563970123227,11.570602936677592,Capiz,PHL,3,Allocate spatially
122.95145228989682,11.568063204197191,Capiz,PHL,3,Allocate spatially
122.95707278696005,11.565120836082675,Capiz,PHL,3,Allocate spatially
122.96247208345068,11.561789993616651,Capiz,PHL,3,Allocate spatially
122.9674919332923,11.557914003840303,Capiz,PHL,3,Allocate spatially
122.9720798164128,11.553534049620392,Capiz,PHL,3,Allocate spatially
122.9761573547188,11.548677361997214,Capiz,PHL,3,Allocate spatially
122.98098096658599,11.549721648270152,Capiz,PHL,3,Allocate spatially
122.98654370417707,11.55276539645812,Capiz,PHL,3,Allocate spatially
122.99241149935489,11.55517026894679,Capiz,PHL,3,Allocate spatially
122.9985118157792,11.556905008359328,Capiz,PHL,3,Allocate spatially
123.00476448525339,11.557975591604489,Capiz,PHL,3,Allocate spatially
123.0099992261762,11.561476927035631,Capiz,PHL,3,Allocate spatially
123.01554128571364,11.564562120408665,Capiz,PHL,3,Allocate spatially
123.02137536232823,11.567049337335169,Capiz,PHL,3,Allocate spatially
123.02744363968557,11.568893049122828,Capiz,PHL,3,Allocate spatially
123.03351592212871,11.570691629615625,Capiz,PHL,3,Allocate spatially
123.03834899308175,11.574665047794243,Capiz,PHL,3,Allocate spatially
123.04294433048175,11.579035940876091,Capiz,PHL,3,Allocate spatially
123.04800170499843,11.582861512527398,Capiz,PHL,3,Allocate spatially
123.05345560566681,11.58609612065743,Capiz,PHL,3,Allocate spatially
123.05884049757043,11.589436348567382,Capiz,PHL,3,Allocate spatially
123.06444436519443,11.592403320435402,Capiz,PHL,3,Allocate spatially
123.0703448679666,11.594725633004792,Capiz,PHL,3,Allocate spatially
123.07645264040706,11.596432590099692,Capiz,PHL,3,Allocate spatially
123.08262074991003,11.597876309076474,Capiz,PHL,3,Allocate spatially
123.08879592457242,11.599321189800015,Capiz,PHL,3,Allocate spatially
123.09509522557445,11.600057594156006,Capiz,PHL,3,Allocate spatially
123.10143691414811,11.600084065571865,Capiz,PHL,3,Allocate spatially
123.10774203677504,11.599408696119147,Capiz,PHL,3,Allocate spatially
123.11393336354593,11.59803915401209,Capiz,PHL,3,Allocate spatially
123.11993462772948,11.595990965317567,Capiz,PHL,3,Allocate spatially
123.12567121899501,11.59328751420096,Capiz,PHL,3,Allocate spatially
123.13106500997752,11.589951496450393,Capiz,PHL,3,Allocate spatially
123.13604104919888,11.586019949598594,Capiz,PHL,3,Allocate spatially
123.14054201097018,11.58155334339495,Capiz,PHL,3,Allocate spatially
123.14502950601066,11.513766500563843,Capiz,PHL,3,Allocate spatially
123.14106249346558,11.508646312033983,Capiz,PHL,3,Allocate spatially
123.13652108411475,11.504027362339798,Capiz,PHL,3,Allocate spatially
123.12598695322725,11.496524437742718,Capiz,PHL,3,Allocate spatially
122.84790022684666,11.700256677977071,Capiz,PHL,3,Allocate spatially
122.8479001538858,11.700257022859862,Capiz,PHL,3,Allocate spatially
122.84790008092494,11.700257367742653,Capiz,PHL,3,Allocate spatially
122.84790000796409,11.700257712625444,Capiz,PHL,3,Allocate spatially
122.84789993500323,11.700258057508234,Capiz,PHL,3,Allocate spatially
122.84789986204237,11.700258402391023,Capiz,PHL,3,Allocate spatially
122.84789978908151,11.700258747273814,Capiz,PHL,3,Allocate spatially
122.84789971612065,11.700259092156605,Capiz,PHL,3,Allocate spatially
122.84789964315979,11.700259437039396,Capiz,PHL,3,Allocate spatially
122.84789957019893,11.700259781922187,Capiz,PHL,3,Allocate spatially
122.84789949723807,11.700260126804976,Capiz,PHL,3,Allocate spatially
122.84789942427722,11.700260471687766,Capiz,PHL,3,Allocate spatially
122.84789935131636,11.700260816570557,Capiz,PHL,3,Allocate spatially
122.8478992783555,11.700261161453348,Capiz,PHL,3,Allocate spatially
122.84789920539464,11.700261506336139,Capiz,PHL,3,Allocate spatially
122.84789913243378,11.70026185121893,Capiz,PHL,3,Allocate spatially
122.84789905947292,11.700262196101718,Capiz,PHL,3,Allocate spatially
122.84789898651206,11.70026254098451,Capiz,PHL,3,Allocate spatially
122.8478989135512,11.7002628858673,Capiz,PHL,3,Allocate spatially
122.84789884059035,11.70026323075009,Capiz,PHL,3,Allocate spatially
122.84789876762949,11.700263575632881,Capiz,PHL,3,Allocate spatially
122.84789869466863,11.700263920515672,Capiz,PHL,3,Allocate spatially
122.84789862170777,11.700264265398461,Capiz,PHL,3,Allocate spatially
122.84789854874691,11.700264610281252,Capiz,PHL,3,Allocate spatially
122.84789847578605,11.700264955164043,Capiz,PHL,3,Allocate spatially
122.8478984028252,11.700265300046834,Capiz,PHL,3,Allocate spatially
122.84789832986434,11.700265644929624,Capiz,PHL,3,Allocate spatially
122.84789825690348,11.700265989812413,Capiz,PHL,3,Allocate spatially
122.84789818394262,11.700266334695204,Capiz,PHL,3,Allocate spatially
122.84789811098176,11.700266679577995,Capiz,PHL,3,Allocate spatially
122.8478980380209,11.700267024460786,Capiz,PHL,3,Allocate spatially
122.84789796506004,11.700267369343576,Capiz,PHL,3,Allocate spatially
122.84789789209917,11.700267714226367,Capiz,PHL,3,Allocate spatially
122.84789781913831,11.700268059109156,Capiz,PHL,3,Allocate spatially
122.84789774617745,11.700268403991947,Capiz,PHL,3,Allocate spatially
122.8478976732166,11.700268748874738,Capiz,PHL,3,Allocate spatially
122.84789760025573,11.700269093757528,Capiz,PHL,3,Allocate spatially
122.84789752729488,11.70026943864032,Capiz,PHL,3,Allocate spatially
122.84789745433402,11.700269783523108,Capiz,PHL,3,Allocate spatially
122.84789738137316,11.700270128405899,Capiz,PHL,3,Allocate spatially
122.8478973084123,11.70027047328869,Capiz,PHL,3,Allocate spatially
122.84789723545144,11.70027081817148,Capiz,PHL,3,Allocate spatially
122.84789716249058,11.700271163054271,Capiz,PHL,3,Allocate spatially
122.84789708952972,11.700271507937062,Capiz,PHL,3,Allocate spatially
122.84789701656887,11.700271852819851,Capiz,PHL,3,Allocate spatially
122.847896943608,11.700272197702642,Capiz,PHL,3,Allocate spatially
122.84789687064715,11.700272542585433,Capiz,PHL,3,Allocate spatially
122.84789679768629,11.700272887468223,Capiz,PHL,3,Allocate spatially
122.84789672472543,11.700273232351014,Capiz,PHL,3,Allocate spatially
122.84789665176457,11.700273577233805,Capiz,PHL,3,Allocate spatially
122.84789657880371,11.700273922116594,Capiz,PHL,3,Allocate spatially
122.84789650584285,11.700274266999385,Capiz,PHL,3,Allocate spatially
122.847896432882,11.700274611882175,Capiz,PHL,3,Allocate spatially
122.84789635992114,11.700274956764966,Capiz,PHL,3,Allocate spatially
122.84789628696028,11.700275301647757,Capiz,PHL,3,Allocate spatially
122.84789621399942,11.700275646530546,Capiz,PHL,3,Allocate spatially
122.84789614103856,11.700275991413337,Capiz,PHL,3,Allocate spatially
122.8478960680777,11.700276336296128,Capiz,PHL,3,Allocate spatially
122.84789599511684,11.700276681178918,Capiz,PHL,3,Allocate spatially
122.84789592215598,11.700277026061709,Capiz,PHL,3,Allocate spatially
122.84789584919513,11.7002773709445,Capiz,PHL,3,Allocate spatially
122.84789577623427,11.700277715827289,Capiz,PHL,3,Allocate spatially
122.84789570327341,11.70027806071008,Capiz,PHL,3,Allocate spatially
122.84789563031255,11.70027840559287,Capiz,PHL,3,Allocate spatially
122.84789555735169,11.700278750475661,Capiz,PHL,3,Allocate spatially
122.84789548439083,11.700279095358452,Capiz,PHL,3,Allocate spatially
122.84789541142997,11.700279440241241,Capiz,PHL,3,Allocate spatially
122.84789535822486,11.700279368421295,Capiz,PHL,3,Allocate spatially
122.8478953182195,11.70027901818281,Capiz,PHL,3,Allocate spatially
122.84789527821412,11.700278667944323,Capiz,PHL,3,Allocate spatially
122.84789523820876,11.700278317705838,Capiz,PHL,3,Allocate spatially
122.8478951982034,11.700277967467352,Capiz,PHL,3,Allocate spatially
122.84789515819803,11.700277617228867,Capiz,PHL,3,Allocate spatially
122.84789511819267,11.700277266990382,Capiz,PHL,3,Allocate spatially
122.84789507818729,11.700276916751896,Capiz,PHL,3,Allocate spatially
122.84789503818193,11.700276566513411,Capiz,PHL,3,Allocate spatially
122.84789499817657,11.700276216274924,Capiz,PHL,3,Allocate spatially
122.8478949581712,11.700275866036439,Capiz,PHL,3,Allocate spatially
122.84789491816584,11.700275515797953,Capiz,PHL,3,Allocate spatially
122.84789487816047,11.700275165559468,Capiz,PHL,3,Allocate spatially
122.8478948381551,11.700274815320983,Capiz,PHL,3,Allocate spatially
122.84789479814974,11.700274465082497,Capiz,PHL,3,Allocate spatially
122.84789475814436,11.700274114844012,Capiz,PHL,3,Allocate spatially
122.847894718139,11.700273764605525,Capiz,PHL,3,Allocate spatially
122.84789467813364,11.70027341436704,Capiz,PHL,3,Allocate spatially
122.84789463812827,11.700273064128554,Capiz,PHL,3,Allocate spatially
122.8478945981229,11.700272713890069,Capiz,PHL,3,Allocate spatially
122.84789455811753,11.700272363651584,Capiz,PHL,3,Allocate spatially
122.84789451811217,11.700272013413098,Capiz,PHL,3,Allocate spatially
122.84789447810681,11.700271663174613,Capiz,PHL,3,Allocate spatially
122.84789443810143,11.700271312936126,Capiz,PHL,3,Allocate spatially
122.84789439809607,11.70027096269764,Capiz,PHL,3,Allocate spatially
122.84789435809071,11.700270612459155,Capiz,PHL,3,Allocate spatially
122.84789431808534,11.70027026222067,Capiz,PHL,3,Allocate spatially
122.84789427807998,11.700269911982184,Capiz,PHL,3,Allocate spatially
122.8478942380746,11.7002695617437,Capiz,PHL,3,Allocate spatially
122.84789419806924,11.700269211505214,Capiz,PHL,3,Allocate spatially
122.84789415806388,11.700268861266728,Capiz,PHL,3,Allocate spatially
122.8478941180585,11.700268511028241,Capiz,PHL,3,Allocate spatially
122.84789407805314,11.700268160789756,Capiz,PHL,3,Allocate spatially
122.84789403804777,11.70026781055127,Capiz,PHL,3,Allocate spatially
122.84789399804241,11.700267460312785,Capiz,PHL,3,Allocate spatially
122.84789395803705,11.7002671100743,Capiz,PHL,3,Allocate spatially
122.84789391803167,11.700266759835815,Capiz,PHL,3,Allocate spatially
122.84789387802631,11.70026640959733,Capiz,PHL,3,Allocate spatially
122.84789383802095,11.700266059358842,Capiz,PHL,3,Allocate spatially
122.84789379801558,11.700265709120357,Capiz,PHL,3,Allocate spatially
122.84789375801022,11.700265358881872,Capiz,PHL,3,Allocate spatially
122.84789371800484,11.700265008643386,Capiz,PHL,3,Allocate spatially
122.84789367799948,11.700264658404901,Capiz,PHL,3,Allocate spatially
122.84789363799412,11.700264308166416,Capiz,PHL,3,Allocate spatially
122.84789359798874,11.70026395792793,Capiz,PHL,3,Allocate spatially
122.84789355798338,11.700263607689443,Capiz,PHL,3,Allocate spatially
122.84789351797801,11.700263257450958,Capiz,PHL,3,Allocate spatially
122.84789347797265,11.700262907212473,Capiz,PHL,3,Allocate spatially
122.84789343796729,11.700262556973987,Capiz,PHL,3,Allocate spatially
122.84789339796191,11.700262206735502,Capiz,PHL,3,Allocate spatially
122.84789335795655,11.700261856497017,Capiz,PHL,3,Allocate spatially
122.84789331795119,11.700261506258531,Capiz,PHL,3,Allocate spatially
122.84789327794581,11.700261156020044,Capiz,PHL,3,Allocate spatially
122.84789323794045,11.700260805781559,Capiz,PHL,3,Allocate spatially
122.84789319793508,11.700260455543074,Capiz,PHL,3,Allocate spatially
122.84789315792972,11.700260105304588,Capiz,PHL,3,Allocate spatially
122.84789311792436,11.700259755066103,Capiz,PHL,3,Allocate spatially
122.84789307791898,11.700259404827618,Capiz,PHL,3,Allocate spatially
122.84789303791362,11.700259054589132,Capiz,PHL,3,Allocate spatially
122.84789299790825,11.700258704350647,Capiz,PHL,3,Allocate spatially
122.84789295790289,11.70025835411216,Capiz,PHL,3,Allocate spatially
122.84789291789752,11.700258003873675,Capiz,PHL,3,Allocate spatially
122.84789287789215,11.70025765363519,Capiz,PHL,3,Allocate spatially
122.8478930023886,11.70025743359867,Capiz,PHL,3,Allocate spatially
122.847893352453,11.7002573920975,Capiz,PHL,3,Allocate spatially
122.8478937025174,11.700257350596331,Capiz,PHL,3,Allocate spatially
122.84789405258178,11.700257309095162,Capiz,PHL,3,Allocate spatially
122.84789440264618,11.700257267593992,Capiz,PHL,3,Allocate spatially
122.84789475271057,11.700257226092823,Capiz,PHL,3,Allocate spatially
122.84789510277496,11.700257184591653,Capiz,PHL,3,Allocate spatially
122.84789545283935,11.700257143090484,Capiz,PHL,3,Allocate spatially
122.84789580290375,11.700257101589315,Capiz,PHL,3,Allocate spatially
122.84789615296813,11.700257060088145,Capiz,PHL,3,Allocate spatially
122.84789650303253,11.700257018586976,Capiz,PHL,3,Allocate spatially
122.84789685309693,11.700256977085807,Capiz,PHL,3,Allocate spatially
122.84789720316132,11.700256935584637,Capiz,PHL,3,Allocate spatially
122.8478975532257,11.700256894083468,Capiz,PHL,3,Allocate spatially
122.8478979032901,11.7002568525823,Capiz,PHL,3,Allocate spatially
122.8478982533545,11.700256811081129,Capiz,PHL,3,Allocate spatially
122.84789860341888,11.70025676957996,Capiz,PHL,3,Allocate spatially
122.84789895348328,11.70025672807879,Capiz,PHL,3,Allocate spatially
122.84789930354768,11.700256686577621,Capiz,PHL,3,Allocate spatially
122.84789965361206,11.700256645076452,Capiz,PHL,3,Allocate spatially
122.84790000367646,11.700256603575282,Capiz,PHL,3,Allocate spatially
