"lon","lat","iso3c","rgn_production","subrgn_name"
27.442156,37.151617,"TUR",NA,NA
27.461611,37.190819,"TUR",NA,NA
26.820278,38.925556,"TUR",NA,NA
15.206797,44.025197,"HRV",NA,NA
27.154255,37.490784,"TUR",NA,NA
27.425543,37.261517,"TUR",NA,NA
27.4378,37.288647,"TUR",NA,NA
22.108611,38.367222,"GRC",NA,NA
24.0475,38.368056,"GRC",NA,NA
22.954361,38.187611,"GRC",NA,NA
22.9155,38.191722,"GRC",NA,NA
22.910056,38.185972,"GRC",NA,NA
19.474311,40.330672,"ALB",NA,NA
13.998367,44.890117,"HRV",NA,NA
15.39225,43.89075,"HRV",NA,NA
13.677469,45.131158,"HRV",NA,NA
15.0636,44.006506,"HRV",NA,NA
22.271,38.344222,"GRC",NA,NA
20.475861,38.207778,"GRC",NA,NA
20.463139,38.236778,"GRC",NA,NA
20.457472,38.242278,"GRC",NA,NA
27.153992,37.434914,"TUR",NA,NA
27.393506,37.267956,"TUR",NA,NA
0,39.826635,"ESP",NA,NA
-0.201714,38.495098,"ESP",NA,NA
0.033881,38.618481,"ESP",NA,NA
-1.486522,37.438998,"ESP",NA,NA
27.511146,37.188601,"TUR",NA,NA
27.39366,37.254709,"TUR",NA,NA
27.493661,37.169234,"TUR",NA,NA
27.473698,37.16628,"TUR",NA,NA
26.33535,38.581221,"TUR",NA,NA
26.350533,38.577638,"TUR",NA,NA
27.238942,37.7556,"TUR",NA,NA
27.727219,37.451919,"TUR",NA,NA
20.045399,39.679452,"GRC",NA,NA
20.09096,39.654267,"GRC",NA,NA
20.089433,39.666049,"GRC",NA,NA
21.074733,38.42549,"GRC",NA,NA
21.066616,38.461173,"GRC",NA,NA
23.617372,37.155186,"GRC",NA,NA
23.607533,37.167922,"GRC",NA,NA
23.286672,38.204864,"GRC",NA,NA
26.825873,38.915094,"TUR",NA,NA
26.823537,38.903594,"TUR",NA,NA
132.452944,33.042417,"JPN",NA,NA
27.380664,37.182232,"TUR",NA,NA
27.370522,37.187652,"TUR",NA,NA
27.382566,37.183525,"TUR",NA,NA
27.380859,37.182623,"TUR",NA,NA
14.411056,44.965028,"HRV",NA,NA
14.377111,44.986833,"HRV",NA,NA
14.362806,44.70275,"HRV",NA,NA
14.501639,44.984167,"HRV",NA,NA
14.498639,45.339139,"HRV",NA,NA
16.033944,45.833278,"HRV",NA,NA
135.908111,-34.715778,"AUS",NA,NA
135.99175,-34.58175,"AUS",NA,NA
-110.6063,24.386997,"MEX",NA,NA
130.202778,32.274167,"JPN",NA,NA
129.288611,28.172778,"JPN",NA,NA
135.961653,-34.736756,"AUS",NA,NA
135.904928,-34.712928,"AUS",NA,NA
131.212707,31.410595,"JPN",NA,NA
131.087222,31.289123,"JPN",NA,NA
131.784962,32.639812,"JPN",NA,NA
-79.343194,9.691944,"PAN",NA,NA
130.808333,31.679167,"JPN",NA,NA
131.9,32.8,"JPN",NA,NA
-156.036833,19.445833,"USA",NA,NA
136.645933,-33.931042,"AUS",NA,NA
-110.339717,24.295,"MEX",NA,NA
109.300058,12.600067,"VNM",NA,NA
109.283517,12.616847,"VNM",NA,NA
109.300092,12.633478,"VNM",NA,NA
109.383572,12.583439,"VNM",NA,NA
109.218361,12.575111,"VNM",NA,NA
102.041389,12.501944,"THA",NA,NA
56.3402143307762,25.6047159259181,"ARE",NA,NA
90.40418040967,21.8024338193665,"BGD",NA,NA
119.94149300994,26.6497677323014,"CHN",NA,NA
-84.2091018991795,9.42347837379457,"CRI",NA,NA
27.2360789998013,31.3604004957649,"EGY",5,"Mersa Matruh"
29.8110956998168,31.1502394117164,"EGY",1521,"Alexandria"
30.2259353326603,31.3190362582841,"EGY",20376,"Behira"
31.4278324391214,31.4913066798246,"EGY",5460,"Dakahlia"
31.8493527833738,31.5261912847382,"EGY",55551,"Damietta"
32.3019058429197,31.275726202442,"EGY",16233,"Port Said"
32.5462714583949,29.944394112058,"EGY",750,"Suez"
34.2938767135585,27.8063201222852,"EGY",30,"South Sinai"
-6.17444279999995,36.4411949990001,"ESP",NA,NA
-6.24600599999997,36.4648182990001,"ESP",NA,NA
-6.16762589999996,36.4890496990001,"ESP",NA,NA
-6.19739029999994,36.389626799,"ESP",NA,NA
-6.18603489999998,36.4251149990001,"ESP",NA,NA
-6.21758759999994,36.421061799,"ESP",NA,NA
-6.18493589999997,36.3865286990001,"ESP",NA,NA
-6.22447359999995,36.427432299,"ESP",NA,NA
-6.16823399999993,36.4458954990001,"ESP",NA,NA
-6.19740869999993,36.453227999,"ESP",NA,NA
-6.20939509999994,36.438743699,"ESP",NA,NA
-7.42326109999993,43.689399699,"ESP",NA,NA
-8.40963879999993,43.383594799,"ESP",NA,NA
-8.82176969999995,42.4721224990001,"ESP",NA,NA
-7.42436079999993,43.6886315990001,"ESP",NA,NA
-9.03775029999997,42.5364036990001,"ESP",NA,NA
-9.20993209999995,43.155541199,"ESP",NA,NA
-9.14653779999998,42.8037287990001,"ESP",NA,NA
-9.18219919999996,43.102702999,"ESP",NA,NA
-6.19533659999996,36.4488112990001,"ESP",NA,NA
-6.18914729999995,36.4427001990001,"ESP",NA,NA
-6.22779849999995,36.517533599,"ESP",NA,NA
-4.35843859999994,36.7056555990001,"ESP",NA,NA
-2.53747929999997,36.8159300990001,"ESP",NA,NA
-6.33989809999997,36.842234299,"ESP",NA,NA
-7.41571829999998,37.244737199,"ESP",NA,NA
-7.15809899999994,37.2197416990001,"ESP",NA,NA
-7.13512819999994,37.2240313990001,"ESP",NA,NA
-7.33195009999997,37.2171555990001,"ESP",NA,NA
-7.15553809999994,37.221144499,"ESP",NA,NA
-7.15783129999994,37.2179995990001,"ESP",NA,NA
-7.16202239999996,37.219577099,"ESP",NA,NA
-7.15844819999995,37.2405937990001,"ESP",NA,NA
1.74176740000007,41.2036801990001,"ESP",NA,NA
3.17305550000003,42.244717499,"ESP",NA,NA
3.11171560000003,42.1724366990001,"ESP",NA,NA
0.689968600000043,40.600389899,"ESP",NA,NA
3.16910280000008,42.2578994990001,"ESP",NA,NA
0.801944400000025,40.8819033990001,"ESP",NA,NA
-8.96166699999998,42.5732191990001,"ESP",NA,NA
-9.14751089999993,42.801494199,"ESP",NA,NA
-0.69666669999998,37.8183332990001,"ESP",NA,NA
-0.678333299999963,37.808333299,"ESP",NA,NA
-1.53749999999997,37.414499999,"ESP",NA,NA
-1.16804049999996,38.0242653990001,"ESP",NA,NA
-0.671861099999944,37.8331666990001,"ESP",NA,NA
-0.67752779999995,37.832999999,"ESP",NA,NA
-0.681961099999967,37.7934638990001,"ESP",NA,NA
-0.683222199999932,37.8331110990001,"ESP",NA,NA
-0.0671239999999784,39.8641636990001,"ESP",NA,NA
-0.207844199999954,39.652903999,"ESP",NA,NA
-0.20801709999995,39.6525961990001,"ESP",NA,NA
-0.0313944999999762,38.571109499,"ESP",NA,NA
-0.347779099999968,38.4199973990001,"ESP",NA,NA
-0.597594899999933,38.086876799,"ESP",NA,NA
-0.201947099999927,38.498887499,"ESP",NA,NA
-0.595998299999962,38.100810499,"ESP",NA,NA
-0.0339782999999443,39.8949651990001,"ESP",NA,NA
0.16624760000002,40.1389462990001,"ESP",NA,NA
-0.0691942999999355,39.8656840990001,"ESP",NA,NA
-0.644982099999936,38.112940199,"ESP",NA,NA
-6.14968969999995,36.4766772990001,"ESP",NA,NA
-2.01453189999995,36.8311973990001,"ESP",NA,NA
-1.90083169999997,36.9827933990001,"ESP",NA,NA
-5.43129219999997,36.1585785990001,"ESP",NA,NA
-6.22050659999996,36.429301299,"ESP",NA,NA
-5.89794539999997,36.200248699,"ESP",NA,NA
-7.39045619999996,37.2079970990001,"ESP",NA,NA
-7.13897429999997,37.2418512990001,"ESP",NA,NA
-1.89410879999997,36.982267999,"ESP",NA,NA
-4.56119779999995,36.5674400990001,"ESP",NA,NA
-3.43322149999995,36.6987974990001,"ESP",NA,NA
-6.99140179999995,37.2079424990001,"ESP",NA,NA
-5.88739739999994,36.193278499,"ESP",NA,NA
-6.20323299999995,36.3965070990001,"ESP",NA,NA
-5.89228509999998,36.1833179990001,"ESP",NA,NA
-6.19666429999995,36.5773553990001,"ESP",NA,NA
-6.15373999999997,36.4965789990001,"ESP",NA,NA
-6.22027449999996,36.2933887990001,"ESP",NA,NA
-6.23874549999994,37.0131406990001,"ESP",NA,NA
-3.60982199999995,36.741193599,"ESP",NA,NA
-7.15174579999996,37.218744799,"ESP",NA,NA
-6.18512969999995,36.4740369990001,"ESP",NA,NA
-1.90077069999995,36.9821494990001,"ESP",NA,NA
-1.74676369999997,37.225917199,"ESP",NA,NA
-7.37460759999993,37.2130405990001,"ESP",NA,NA
-6.16523289999998,36.5201569990001,"ESP",NA,NA
-6.15608099999997,36.4880985990001,"ESP",NA,NA
-6.21318519999994,36.464040099,"ESP",NA,NA
-6.15399049999996,36.4918999990001,"ESP",NA,NA
-6.15637519999996,36.4716724990001,"ESP",NA,NA
-6.16349279999997,36.491186699,"ESP",NA,NA
-6.16685329999996,36.512281199,"ESP",NA,NA
-6.18093289999996,36.4508398990001,"ESP",NA,NA
-6.15275109999993,36.4778403990001,"ESP",NA,NA
-6.16060309999995,36.482938699,"ESP",NA,NA
-6.17289429999994,36.5029024990001,"ESP",NA,NA
-6.17876569999993,36.448401699,"ESP",NA,NA
-6.20535949999993,36.520369099,"ESP",NA,NA
-6.18634099999997,36.4461012990001,"ESP",NA,NA
-6.17704789999993,36.468000799,"ESP",NA,NA
-6.16368409999995,36.4851265990001,"ESP",NA,NA
-6.15930219999996,36.518045699,"ESP",NA,NA
-6.15855189999996,36.5109876990001,"ESP",NA,NA
-6.14830699999993,36.5075702990001,"ESP",NA,NA
-6.14520919999995,36.495324899,"ESP",NA,NA
-6.15560029999995,36.4541938990001,"ESP",NA,NA
2.70049400000005,39.5449748990001,"ESP",NA,NA
-16.3535792,28.378666099,"ESP",NA,NA
-16.8456037999999,28.261422699,"ESP",NA,NA
-4.26310679999995,43.3928412990001,"ESP",NA,NA
-9.03752129999998,42.5199590990001,"ESP",NA,NA
-8.88937109999995,42.4858606990001,"ESP",NA,NA
-8.82146259999996,42.520231499,"ESP",NA,NA
-7.48040749999996,43.709261999,"ESP",NA,NA
-8.86073149999993,42.4734372990001,"ESP",NA,NA
-8.89278649999994,42.087437999,"ESP",NA,NA
-8.66980369999993,42.2727513990001,"ESP",NA,NA
-8.82867069999998,42.2518529990001,"ESP",NA,NA
-8.19182389999997,43.610763999,"ESP",NA,NA
-9.05449509999994,42.607137299,"ESP",NA,NA
-6.17636369999997,36.457345199,"ESP",NA,NA
-6.15395779999994,36.507681199,"ESP",NA,NA
-6.15826339999995,36.507332499,"ESP",NA,NA
-6.19123989999997,36.4614660990001,"ESP",NA,NA
-6.21706479999995,36.4124452990001,"ESP",NA,NA
-7.34632679999993,37.2156073990001,"ESP",NA,NA
-6.17007299999995,36.4643609990001,"ESP",NA,NA
-6.16260029999995,36.5097163990001,"ESP",NA,NA
-6.22731819999996,36.5109796990001,"ESP",NA,NA
-6.15083599999997,36.445062299,"ESP",NA,NA
-6.18566009999995,36.4542767990001,"ESP",NA,NA
-6.14697889999997,36.467285399,"ESP",NA,NA
-6.16009349999996,36.4691079990001,"ESP",NA,NA
-6.16073279999995,36.495220499,"ESP",NA,NA
-6.18164259999998,36.468229799,"ESP",NA,NA
-6.14474159999997,36.4623111990001,"ESP",NA,NA
-6.15257649999995,36.484393599,"ESP",NA,NA
-6.17695569999995,36.473447999,"ESP",NA,NA
-6.15138939999997,36.4943133990001,"ESP",NA,NA
-6.19728299999997,36.4560501990001,"ESP",NA,NA
-6.17190079999995,36.507756699,"ESP",NA,NA
-6.16097459999997,36.514630299,"ESP",NA,NA
-6.27529909999993,36.9006211990001,"ESP",NA,NA
-6.28836189999993,36.903190099,"ESP",NA,NA
-6.15722349999993,36.4810159990001,"ESP",NA,NA
-7.15822969999994,37.2399913990001,"ESP",NA,NA
-6.21278249999995,36.5218232990001,"ESP",NA,NA
-6.15068109999993,36.5027135990001,"ESP",NA,NA
-6.14827909999997,36.4357957990001,"ESP",NA,NA
-6.18822609999995,36.4334831990001,"ESP",NA,NA
-5.89494109999993,36.1895936990001,"ESP",NA,NA
0.68997980000006,40.6004081990001,"ESP",NA,NA
0.572925600000076,40.608230199,"ESP",NA,NA
0.65453640000004,40.5991079990001,"ESP",NA,NA
-0.592891499999951,38.125976499,"ESP",NA,NA
0.00749320000005582,38.6133290990001,"ESP",NA,NA
0.0358358000000294,38.616843999,"ESP",NA,NA
-6.18159679999997,36.4292991990001,"ESP",NA,NA
-6.15978929999994,36.427090299,"ESP",NA,NA
-6.14721959999997,36.477245899,"ESP",NA,NA
-6.18904209999994,36.4106219990001,"ESP",NA,NA
23.087777778,38.6650000000001,"GRC",NA,NA
23.1766666670001,37.775833333,"GRC",NA,NA
20.1605555560001,39.5237333330001,"GRC",NA,NA
22.915833333,37.5025000000001,"GRC",NA,NA
20.857888889,38.9495277780001,"GRC",NA,NA
23.945555556,37.6579166670001,"GRC",NA,NA
20.015277778,39.6897222220001,"GRC",NA,NA
23.3691666670001,38.5330555560001,"GRC",NA,NA
23.3605555560001,38.537222222,"GRC",NA,NA
-6.14851329999993,36.4857031990001,"ESP",NA,NA
23.3083333330001,37.6111111110001,"GRC",NA,NA
22.8080555560001,38.2297222220001,"GRC",NA,NA
23.763333333,40.213888889,"GRC",NA,NA
21.0013888890001,38.5436111110001,"GRC",NA,NA
23.1116666670001,38.648611111,"GRC",NA,NA
23.340555556,38.6100000000001,"GRC",NA,NA
20.2400000000001,39.4930555560001,"GRC",NA,NA
22.9333333330001,37.4955555560001,"GRC",NA,NA
23.945277778,37.6675000000001,"GRC",NA,NA
20.4735000000001,38.210055556,"GRC",NA,NA
20.4565555560001,38.2397500000001,"GRC",NA,NA
20.4283333330001,38.248805556,"GRC",NA,NA
22.395,38.411111111,"GRC",NA,NA
23.420363889,37.8898083330001,"GRC",NA,NA
20.829166667,38.966111111,"GRC",NA,NA
23.9575,38.387777778,"GRC",NA,NA
20.7866666670001,38.966111111,"GRC",NA,NA
22.6783333330001,38.3385277780001,"GRC",NA,NA
-6.17062899999996,36.473973599,"ESP",NA,NA
-6.16321259999995,36.450427199,"ESP",NA,NA
-6.17471539999997,36.437031899,"ESP",NA,NA
-6.17448459999997,36.432630799,"ESP",NA,NA
-6.19170519999994,36.432945299,"ESP",NA,NA
-6.18719409999994,36.459639199,"ESP",NA,NA
-6.16421499999996,36.459942799,"ESP",NA,NA
-6.13809229999993,36.480284199,"ESP",NA,NA
-6.15212419999995,36.466204399,"ESP",NA,NA
-6.18109629999998,36.4646843990001,"ESP",NA,NA
-6.14211469999998,36.4688958990001,"ESP",NA,NA
-6.18593089999996,36.464719099,"ESP",NA,NA
-6.15580059999996,36.4624168990001,"ESP",NA,NA
-17.9682056999999,28.6565843990001,"ESP",NA,NA
-16.8485787,28.2642972990001,"ESP",NA,NA
-16.7569315,28.0821066990001,"ESP",NA,NA
-16.7552064,28.0805223990001,"ESP",NA,NA
-16.7110188,28.0326525990001,"ESP",NA,NA
-16.8037586,28.150763199,"ESP",NA,NA
-17.9659672999999,28.658437399,"ESP",NA,NA
-15.4406367,27.781073899,"ESP",NA,NA
-4.47044709999994,43.3764457990001,"ESP",NA,NA
-3.74375199999997,43.346836099,"ESP",NA,NA
27.631666667,36.2241666670001,"GRC",NA,NA
24.1013888890001,38.316666667,"GRC",NA,NA
24.5097222220001,37.1147222220001,"GRC",NA,NA
24.1083333330001,38.2550000000001,"GRC",NA,NA
24.1222222220001,38.2544444440001,"GRC",NA,NA
24.0563888890001,38.3183333330001,"GRC",NA,NA
24.0436111110001,38.321388889,"GRC",NA,NA
24.396388889,37.9872222220001,"GRC",NA,NA
24.2855555560001,38.075555556,"GRC",NA,NA
25.9236111110001,38.2938888890001,"GRC",NA,NA
24.081388889,38.3197222220001,"GRC",NA,NA
24.0330555560001,38.323055556,"GRC",NA,NA
27.156944444,37.9350000000001,"GRC",NA,NA
26.151666667,38.51,"GRC",NA,NA
26.151388889,38.470833333,"GRC",NA,NA
26.153055556,38.461944444,"GRC",NA,NA
26.1529444440001,38.4723611110001,"GRC",NA,NA
26.7838583330001,37.204972222,"GRC",NA,NA
26.9997222220001,37.465,"GRC",NA,NA
26.989305556,37.473611111,"GRC",NA,NA
24.693055556,37.9191666670001,"GRC",NA,NA
24.0494444440001,38.208888889,"GRC",NA,NA
26.535,39.026666667,"GRC",NA,NA
26.599444444,39.0058333330001,"GRC",NA,NA
26.5966666670001,39.0058333330001,"GRC",NA,NA
26.075833333,39.300607778,"GRC",NA,NA
26.5325,39.027222222,"GRC",NA,NA
27.032777778,36.9483333330001,"GRC",NA,NA
27.0411111110001,36.957777778,"GRC",NA,NA
27.036111111,37.9625,"GRC",NA,NA
24.075,38.324722222,"GRC",NA,NA
24.211944444,38.087777778,"GRC",NA,NA
27.775555556,36.2458333330001,"GRC",NA,NA
24.088888889,38.322777778,"GRC",NA,NA
26.8275,37.1163888890001,"GRC",NA,NA
26.778688889,37.2017388890001,"GRC",NA,NA
26.7980555560001,37.208333333,"GRC",NA,NA
26.7950000000001,37.1947222220001,"GRC",NA,NA
26.7930555560001,37.2,"GRC",NA,NA
26.770833333,37.184861111,"GRC",NA,NA
26.8875,37.089722222,"GRC",NA,NA
26.1308333330001,38.4861111110001,"GRC",NA,NA
27.7902777780001,36.2500000000001,"GRC",NA,NA
27.7719111110001,36.2590222220001,"GRC",NA,NA
26.1478000000001,38.491975,"GRC",NA,NA
26.143055556,38.4886111110001,"GRC",NA,NA
26.126658333,38.542161111,"GRC",NA,NA
26.1538055560001,38.519722222,"GRC",NA,NA
26.268888889,38.4855555560001,"GRC",NA,NA
26.279722222,38.4989972220001,"GRC",NA,NA
26.281388889,38.4919444440001,"GRC",NA,NA
24.0483333330001,38.365972222,"GRC",NA,NA
24.274444444,38.086388889,"GRC",NA,NA
26.391944444,36.6063888890001,"GRC",NA,NA
26.394166667,36.598611111,"GRC",NA,NA
26.765277778,37.1911111110001,"GRC",NA,NA
26.9222222220001,37.036944444,"GRC",NA,NA
24.1055555560001,38.263888889,"GRC",NA,NA
23.157777778,37.764444444,"GRC",NA,NA
23.1694444440001,37.706666667,"GRC",NA,NA
23.0619444440001,37.3887500000001,"GRC",NA,NA
23.961111111,37.652222222,"GRC",NA,NA
23.9805555560001,39.958333333,"GRC",NA,NA
21.027777778,38.9261111110001,"GRC",NA,NA
20.9222222220001,38.9475,"GRC",NA,NA
20.85885425,38.938573944,"GRC",NA,NA
20.083333333,39.6683333330001,"GRC",NA,NA
21.013888889,38.5552777780001,"GRC",NA,NA
20.8516666670001,38.940555556,"GRC",NA,NA
20.164722222,39.5225,"GRC",NA,NA
20.8583333330001,38.9400000000001,"GRC",NA,NA
21.093055556,38.379166667,"GRC",NA,NA
20.84,38.966944444,"GRC",NA,NA
20.7941666670001,38.9925000000001,"GRC",NA,NA
21.034444444,38.920388889,"GRC",NA,NA
21.080555556,38.4116666670001,"GRC",NA,NA
21.0976666670001,38.3979722220001,"GRC",NA,NA
23.413007694,37.893667194,"GRC",NA,NA
23.410833333,37.890277778,"GRC",NA,NA
21.094166667,38.4861111110001,"GRC",NA,NA
21.096944444,38.460277778,"GRC",NA,NA
21.07145,38.45415,"GRC",NA,NA
21.019497222,38.6061111110001,"GRC",NA,NA
23.146666667,37.7230555560001,"GRC",NA,NA
22.9280555560001,37.4961111110001,"GRC",NA,NA
23.1750000000001,37.8055555560001,"GRC",NA,NA
20.018333333,39.6797222220001,"GRC",NA,NA
21.028611111,38.4319444440001,"GRC",NA,NA
19.904722222,39.7933333330001,"GRC",NA,NA
22.9863888890001,38.9075,"GRC",NA,NA
20.2316666670001,39.4936111110001,"GRC",NA,NA
22.716944444,38.838333333,"GRC",NA,NA
22.711536111,38.843877778,"GRC",NA,NA
22.8394033060001,38.8942565,"GRC",NA,NA
23.4675,37.5341666670001,"GRC",NA,NA
22.835,38.890277778,"GRC",NA,NA
23.4377777780001,37.526666667,"GRC",NA,NA
23.4450000000001,37.526666667,"GRC",NA,NA
22.894722222,38.9202777780001,"GRC",NA,NA
22.906388889,38.9202777780001,"GRC",NA,NA
21.123883333,38.3097222220001,"GRC",NA,NA
23.347777778,38.518611111,"GRC",NA,NA
21.0348250000001,38.489016667,"GRC",NA,NA
20.034444444,39.6777777780001,"GRC",NA,NA
23.1333333330001,37.7275000000001,"GRC",NA,NA
23.16,37.715277778,"GRC",NA,NA
20.8080555560001,38.956111111,"GRC",NA,NA
20.601802778,38.4035555560001,"GRC",NA,NA
22.8179361110001,37.323611111,"GRC",NA,NA
23.3186111110001,38.5602777780001,"GRC",NA,NA
22.600833333,38.315391667,"GRC",NA,NA
22.388888889,38.3516666670001,"GRC",NA,NA
22.3811111110001,38.3552777780001,"GRC",NA,NA
22.270833333,38.343888889,"GRC",NA,NA
22.6047222220001,38.3122222220001,"GRC",NA,NA
22.391388889,38.341111111,"GRC",NA,NA
22.393888889,38.3619444440001,"GRC",NA,NA
23.1752777780001,37.713611111,"GRC",NA,NA
23.1761111110001,37.718333333,"GRC",NA,NA
22.9825000000001,38.1119722220001,"GRC",NA,NA
20.026388889,39.6777777780001,"GRC",NA,NA
20.0746,39.6634,"GRC",NA,NA
21.101111111,38.4576388890001,"GRC",NA,NA
23.1119444440001,38.637222222,"GRC",NA,NA
22.823611111,37.323055556,"GRC",NA,NA
22.9222222220001,37.4991666670001,"GRC",NA,NA
23.3162305560001,37.6103305560001,"GRC",NA,NA
20.2419444440001,39.4919444440001,"GRC",NA,NA
20.089166667,39.6669444440001,"GRC",NA,NA
23.336666667,38.6033333330001,"GRC",NA,NA
23.338611111,38.6022222220001,"GRC",NA,NA
23.1041666670001,38.65,"GRC",NA,NA
20.011666667,39.6861111110001,"GRC",NA,NA
23.325,38.5519444440001,"GRC",NA,NA
20.8000000000001,38.959444444,"GRC",NA,NA
22.790833333,38.2333333330001,"GRC",NA,NA
21.089166667,38.4341666670001,"GRC",NA,NA
20.9280555560001,38.6725000000001,"GRC",NA,NA
20.0575000000001,39.6819444440001,"GRC",NA,NA
20.8130555560001,38.9556138890001,"GRC",NA,NA
20.8594444440001,38.954444444,"GRC",NA,NA
22.958333333,38.900833333,"GRC",NA,NA
23.1263888890001,37.7386111110001,"GRC",NA,NA
23.8819444440001,40.5544444440001,"GRC",NA,NA
23.1375,39.0069444440001,"GRC",NA,NA
23.6066666670001,38.5663888890001,"GRC",NA,NA
20.089166667,39.6562500000001,"GRC",NA,NA
20.1808,39.533891667,"GRC",NA,NA
21.0237222220001,38.487716667,"GRC",NA,NA
22.1016666670001,38.3697222220001,"GRC",NA,NA
21.045825,38.4800805560001,"GRC",NA,NA
21.031347222,38.483008333,"GRC",NA,NA
21.053313889,38.4716611110001,"GRC",NA,NA
21.0671305560001,38.461366667,"GRC",NA,NA
21.0744861110001,38.423233333,"GRC",NA,NA
23.4086194440001,38.6926777780001,"GRC",NA,NA
22.9625750000001,38.9032777780001,"GRC",NA,NA
21.912105556,38.385594444,"GRC",NA,NA
22.1078805560001,38.3683611110001,"GRC",NA,NA
22.916244444,38.887075,"GRC",NA,NA
22.165044444,38.343086111,"GRC",NA,NA
22.936222222,38.891880556,"GRC",NA,NA
22.9478222220001,38.8987805560001,"GRC",NA,NA
20.775277778,38.755555556,"GRC",NA,NA
20.045138889,39.679861111,"GRC",NA,NA
21.086944444,38.4883333330001,"GRC",NA,NA
21.076111111,38.4827777780001,"GRC",NA,NA
23.0711111110001,37.350833333,"GRC",NA,NA
23.009166667,37.463888889,"GRC",NA,NA
20.8744444440001,38.6083333330001,"GRC",NA,NA
23.6097222220001,38.5588888890001,"GRC",NA,NA
23.4258333330001,38.6838888890001,"GRC",NA,NA
22.952777778,38.900555556,"GRC",NA,NA
23.1772222220001,37.7972222220001,"GRC",NA,NA
20.0663888890001,39.6713888890001,"GRC",NA,NA
22.9587500000001,39.1188888890001,"GRC",NA,NA
23.0455555560001,37.965833333,"GRC",NA,NA
21.016333333,38.6138888890001,"GRC",NA,NA
21.011666667,38.6158333330001,"GRC",NA,NA
23.016666667,37.468888889,"GRC",NA,NA
20.0622222220001,39.6763888890001,"GRC",NA,NA
23.3175000000001,38.5652777780001,"GRC",NA,NA
23.2536111110001,37.8200000000001,"GRC",NA,NA
20.7905555560001,38.964444444,"GRC",NA,NA
20.091944444,39.6638888890001,"GRC",NA,NA
20.463055556,38.2366666670001,"GRC",NA,NA
21.1014555560001,38.301463889,"GRC",NA,NA
21.1325000000001,38.330277778,"GRC",NA,NA
21.089444444,38.404722222,"GRC",NA,NA
21.103125,38.2925666670001,"GRC",NA,NA
21.1325000000001,38.330277778,"GRC",NA,NA
21.702222222,36.7515083330001,"GRC",NA,NA
23.4233333330001,37.9551388890001,"GRC",NA,NA
23.1525,37.719722222,"GRC",NA,NA
23.9670972220001,38.3878250000001,"GRC",NA,NA
21.0385694440001,38.3758777780001,"GRC",NA,NA
21.032236111,38.370391667,"GRC",NA,NA
21.081161111,38.4213750000001,"GRC",NA,NA
22.9202777780001,38.9200000000001,"GRC",NA,NA
21.0425333330001,38.3577361110001,"GRC",NA,NA
23.1475,37.8583333330001,"GRC",NA,NA
23.081666667,37.8644444440001,"GRC",NA,NA
23.1672222220001,37.716666667,"GRC",NA,NA
23.0663888890001,37.449722222,"GRC",NA,NA
22.9369444440001,37.4902777780001,"GRC",NA,NA
23.278055556,37.268055556,"GRC",NA,NA
23.407777778,37.9183333330001,"GRC",NA,NA
23.4163888890001,37.9283333330001,"GRC",NA,NA
23.473888889,37.5352777780001,"GRC",NA,NA
23.030277778,37.4761111110001,"GRC",NA,NA
23.0400000000001,37.4791666670001,"GRC",NA,NA
23.025,37.470833333,"GRC",NA,NA
23.4825000000001,37.5508333330001,"GRC",NA,NA
23.3044444440001,38.584722222,"GRC",NA,NA
22.9663861110001,37.091008333,"GRC",NA,NA
23.084166667,37.8658333330001,"GRC",NA,NA
23.350833333,38.5388888890001,"GRC",NA,NA
20.098611111,39.651111111,"GRC",NA,NA
23.0450000000001,37.4750000000001,"GRC",NA,NA
20.106630556,39.6552055560001,"GRC",NA,NA
20.1055555560001,39.6605555560001,"GRC",NA,NA
23.0477777780001,37.4625,"GRC",NA,NA
23.1222222220001,37.7311111110001,"GRC",NA,NA
22.7991666670001,37.3509722220001,"GRC",NA,NA
23.0502777780001,37.454166667,"GRC",NA,NA
22.9585666670001,37.1004055560001,"GRC",NA,NA
21.896111111,38.3741666670001,"GRC",NA,NA
23.144166667,37.8577777780001,"GRC",NA,NA
23.1761111110001,37.76,"GRC",NA,NA
23.3066666670001,38.583333333,"GRC",NA,NA
22.6045972220001,38.5633333330001,"GRC",NA,NA
20.098333333,39.662638889,"GRC",NA,NA
20.0722222220001,39.6713888890001,"GRC",NA,NA
23.2969444440001,37.969444444,"GRC",NA,NA
20.9222222220001,38.9475,"GRC",NA,NA
23.9494444440001,38.387222222,"GRC",NA,NA
22.952777778,38.1866666670001,"GRC",NA,NA
22.910277778,38.1858333330001,"GRC",NA,NA
22.914444444,38.1922222220001,"GRC",NA,NA
22.6055555560001,38.3536111110001,"GRC",NA,NA
23.0002777780001,38.9105555560001,"GRC",NA,NA
21.1130555560001,38.316666667,"GRC",NA,NA
22.6648888890001,39.972222222,"GRC",NA,NA
20.851880556,38.941013889,"GRC",NA,NA
20.8244444440001,38.955277778,"GRC",NA,NA
23.972222222,38.390555556,"GRC",NA,NA
23.154166667,39.1225000000001,"GRC",NA,NA
23.263888889,37.8087722220001,"GRC",NA,NA
23.1041666670001,38.649722222,"GRC",NA,NA
21.1205555560001,39.030833333,"GRC",NA,NA
21.456666667,39.0330555560001,"GRC",NA,NA
14.39545,35.9569333330001,"MLT",NA,NA
14.3963000000001,35.9569333330001,"MLT",NA,NA
14.3963000000001,35.9557833330001,"MLT",NA,NA
14.3946500000001,35.9557833330001,"MLT",NA,NA
14.3946500000001,35.9562666670001,"MLT",NA,NA
14.4034,35.964566667,"MLT",NA,NA
14.406683333,35.965383333,"MLT",NA,NA
14.4079,35.962566667,"MLT",NA,NA
14.4039666670001,35.9614333330001,"MLT",NA,NA
14.3671833330001,35.983566667,"MLT",NA,NA
14.368166667,35.983566667,"MLT",NA,NA
14.368166667,35.9831333330001,"MLT",NA,NA
14.3671833330001,35.9831333330001,"MLT",NA,NA
14.3708833330001,35.981233333,"MLT",NA,NA
14.37105,35.980466667,"MLT",NA,NA
14.373616667,35.98085,"MLT",NA,NA
14.37345,35.981616667,"MLT",NA,NA
5.61847900700008,59.021868001,"NOR",NA,NA
5.99331100500007,59.4786270010001,"NOR",NA,NA
10.6526500000001,59.6157830000001,"NOR",NA,NA
5.58638800800003,60.8742050010001,"NOR",NA,NA
5.26796701000006,60.0890830010001,"NOR",NA,NA
5.87663300600002,59.170933001,"NOR",NA,NA
11.446631,64.5476100000001,"NOR",NA,NA
8.52176000000003,62.6662910000001,"NOR",NA,NA
7.37123300100006,62.968467,"NOR",NA,NA
5.55170000800007,62.268867001,"NOR",NA,NA
6.18420300400004,58.8386160000001,"NOR",NA,NA
6.09756700500003,59.2154330010001,"NOR",NA,NA
7.51116700100005,63.0601,"NOR",NA,NA
6.79928300300003,62.6845500000001,"NOR",NA,NA
6.88732500200007,58.2770590000001,"NOR",NA,NA
5.12465001200007,59.810633001,"NOR",NA,NA
4.95638301300005,60.934533001,"NOR",NA,NA
5.04372501300003,60.500278001,"NOR",NA,NA
5.33253301000002,60.3812000010001,"NOR",NA,NA
7.09326700200006,61.2124000000001,"NOR",NA,NA
5.56325000800007,60.2619000010001,"NOR",NA,NA
5.49230000900008,61.0257670010001,"NOR",NA,NA
6.07599100500005,58.908999001,"NOR",NA,NA
5.96354500500007,58.903709001,"NOR",NA,NA
5.91640200600006,59.4310040010001,"NOR",NA,NA
14.5568500000001,67.2781170000001,"NOR",NA,NA
8.73963300000003,63.1846330000001,"NOR",NA,NA
18.9248200000001,69.8679260000001,"NOR",NA,NA
18.9310330000001,69.8680830000001,"NOR",NA,NA
18.9185670000001,69.8674,"NOR",NA,NA
19.0314670000001,69.755117,"NOR",NA,NA
5.92028300500004,59.064100001,"NOR",NA,NA
5.30341701000003,60.4000670010001,"NOR",NA,NA
6.32160000400006,59.2797830000001,"NOR",NA,NA
19.1610170000001,69.7886500000001,"NOR",NA,NA
8.75688200000008,58.424515,"NOR",NA,NA
6.13110000500006,61.1111000000001,"NOR",NA,NA
19.0304830000001,69.754467,"NOR",NA,NA
7.70193300100004,62.9721000000001,"NOR",NA,NA
12.367283,66.1167330000001,"NOR",NA,NA
5.99651700600003,61.124017,"NOR",NA,NA
10.39818,63.4375020000001,"NOR",NA,NA
5.26150001000002,60.0871170010001,"NOR",NA,NA
5.30630001000003,59.8031500010001,"NOR",NA,NA
33.242005025,34.694979329,"CYP",NA,NA
33.2854835260001,34.701758774,"CYP",NA,NA
33.2824466870001,34.7015611050001,"CYP",NA,NA
33.3193875750001,34.691612064,"CYP",NA,NA
33.2683555560001,34.696838889,"CYP",NA,NA
33.270695054,34.6991793330001,"CYP",NA,NA
33.2638800550001,34.6770106920001,"CYP",NA,NA
33.2468524450001,34.6826093020001,"CYP",NA,NA
33.024226818,34.642690513,"CYP",NA,NA
33.0386972650001,34.6377124360001,"CYP",NA,NA
33.907869438,34.9501254090001,"CYP",NA,NA
33.890833333,34.9560000000001,"CYP",NA,NA
7.58051700100003,62.9285330000001,"NOR",NA,NA
11.1497650000001,64.8284150000001,"NOR",NA,NA
14.0180500000001,67.03495,"NOR",NA,NA
5.26512201000003,60.0872590010001,"NOR",NA,NA
9.066319,41.469637993848,"FRA",NA,NA
5.905947,43.0856809945552,"FRA",NA,NA
34.635794,31.829760989026,"ISR",NA,NA
114.224657508991,22.537974350808,"HKG",NA,NA
114.272662618415,22.5490212382661,"HKG",NA,NA
114.290541408856,22.5492431738197,"HKG",NA,NA
114.29912254836,22.5459019304485,"HKG",NA,NA
114.283850134627,22.5245249766299,"HKG",NA,NA
114.30641749236,22.5079364573134,"HKG",NA,NA
114.354125599324,22.477969346573,"HKG",NA,NA
114.360272945696,22.4596415114724,"HKG",NA,NA
114.354000299607,22.4435502213444,"HKG",NA,NA
114.272020730367,22.4685371466276,"HKG",NA,NA
114.278197333395,22.4233763709322,"HKG",NA,NA
114.351789119048,22.3495283417861,"HKG",NA,NA
114.319970026573,22.36792465083,"HKG",NA,NA
114.323043898235,22.3684696024757,"HKG",NA,NA
114.30143307907,22.3691151827537,"HKG",NA,NA
114.317443911605,22.3418193738813,"HKG",NA,NA
114.26990023341,22.3546465018853,"HKG",NA,NA
114.293892421712,22.2749927461171,"HKG",NA,NA
114.252527570256,22.164051938726,"HKG",NA,NA
114.12923505969,22.2059157879615,"HKG",NA,NA
114.129585530083,22.2217797361338,"HKG",NA,NA
114.055699413616,22.3521654761468,"HKG",NA,NA
114.207912836737,22.4535828110009,"HKG",NA,NA
114.005998980966,22.2354008161699,"HKG",NA,NA
114.221488453863,22.4547089314769,"HKG",NA,NA
114.285543101871,22.2557903955077,"HKG",NA,NA
104.3549472,-0.839744443461768,"IDN",NA,NA
100.5732306,-1.37311388746794,"IDN",NA,NA
105.2602167,-5.46824166108777,"IDN",NA,NA
114.8243,-8.18631110251119,"IDN",NA,NA
114.6114,-8.11530832457388,"IDN",NA,NA
116.4526028,-8.87583887991754,"IDN",NA,NA
79.1300773781424,9.28696221512509,"IND",NA,NA
50.1602963496454,37.3924192478684,"IRN",NA,NA
11.299857,42.4111079942665,"ITA",NA,NA
13.586226,41.2326709937399,"ITA",NA,NA
16.716181,39.6222839929795,"ITA",NA,NA
15.115696,36.7094999915166,"ITA",NA,NA
13.939354,37.0872869917106,"ITA",NA,NA
13.943861,37.0875099917107,"ITA",NA,NA
18.015481,40.6178859934548,"ITA",NA,NA
13.569569,45.7933329956105,"ITA",NA,NA
9.632735,40.9843689936256,"ITA",NA,NA
103.573579401855,10.5342734155867,"KHM",NA,NA
103.608910699286,10.7486683804575,"KHM",NA,NA
103.500692268557,10.6479244804383,"KHM",NA,NA
128.349531479316,38.6123861867722,"KOR",NA,NA
128.360403951083,38.5976349333294,"KOR",NA,NA
128.371229603836,38.5828381247312,"KOR",NA,NA
128.382055256589,38.5680413161331,"KOR",NA,NA
128.392880909341,38.5532445075349,"KOR",NA,NA
128.403706562094,38.5384476989367,"KOR",NA,NA
128.414532214847,38.5236508903386,"KOR",NA,NA
128.425357867599,38.5088540817404,"KOR",NA,NA
128.436183520352,38.4940572731422,"KOR",NA,NA
128.447009173105,38.4792604645441,"KOR",NA,NA
128.457834825858,38.4644636559459,"KOR",NA,NA
128.46866047861,38.4496668473477,"KOR",NA,NA
128.479486131363,38.4348700387496,"KOR",NA,NA
128.490311784116,38.4200732301514,"KOR",NA,NA
128.501137436868,38.4052764215532,"KOR",NA,NA
128.511963089621,38.390479612955,"KOR",NA,NA
128.522788742374,38.3756828043569,"KOR",NA,NA
128.533614395127,38.3608859957587,"KOR",NA,NA
128.544440047879,38.3460891871605,"KOR",NA,NA
128.555265700632,38.3312923785624,"KOR",NA,NA
128.566091353385,38.3164955699642,"KOR",NA,NA
128.576917006138,38.301698761366,"KOR",NA,NA
128.58774265889,38.2869019527679,"KOR",NA,NA
128.598568311643,38.2721051441697,"KOR",NA,NA
128.609393964396,38.2573083355715,"KOR",NA,NA
128.620219617148,38.2425115269734,"KOR",NA,NA
128.631045269901,38.2277147183752,"KOR",NA,NA
128.641870922654,38.212917909777,"KOR",NA,NA
128.652696575407,38.1981211011789,"KOR",NA,NA
128.663522228159,38.1833242925807,"KOR",NA,NA
128.674347880912,38.1685274839825,"KOR",NA,NA
128.685173533665,38.1537306753844,"KOR",NA,NA
128.695999186417,38.1389338667862,"KOR",NA,NA
128.70682483917,38.124137058188,"KOR",NA,NA
128.717650491923,38.1093402495899,"KOR",NA,NA
128.728476144676,38.0945434409917,"KOR",NA,NA
128.739301797428,38.0797466323935,"KOR",NA,NA
128.750127450181,38.0649498237954,"KOR",NA,NA
128.760953102934,38.0501530151972,"KOR",NA,NA
128.771778755687,38.035356206599,"KOR",NA,NA
128.782604408439,38.0205593980009,"KOR",NA,NA
128.793430061192,38.0057625894027,"KOR",NA,NA
128.804255713945,37.9909657808045,"KOR",NA,NA
128.815081366697,37.9761689722064,"KOR",NA,NA
128.82590701945,37.9613721636082,"KOR",NA,NA
128.836732672203,37.94657535501,"KOR",NA,NA
128.847558324956,37.9317785464118,"KOR",NA,NA
128.858383977708,37.9169817378137,"KOR",NA,NA
128.869209630461,37.9021849292155,"KOR",NA,NA
128.880035283214,37.8873881206173,"KOR",NA,NA
128.890860935966,37.8725913120192,"KOR",NA,NA
128.901686588719,37.857794503421,"KOR",NA,NA
128.912512241472,37.8429976948228,"KOR",NA,NA
128.923337894225,37.8282008862247,"KOR",NA,NA
128.934163546977,37.8134040776265,"KOR",NA,NA
128.94498919973,37.7986072690283,"KOR",NA,NA
128.955814852483,37.7838104604302,"KOR",NA,NA
128.966640505236,37.769013651832,"KOR",NA,NA
128.977466157988,37.7542168432338,"KOR",NA,NA
128.988291810741,37.7394200346357,"KOR",NA,NA
128.999117463494,37.7246232260375,"KOR",NA,NA
129.009943116246,37.7098264174393,"KOR",NA,NA
129.020768768999,37.6950296088412,"KOR",NA,NA
129.031594421752,37.680232800243,"KOR",NA,NA
129.042420074505,37.6654359916448,"KOR",NA,NA
129.053245727257,37.6506391830467,"KOR",NA,NA
129.06407138001,37.6358423744485,"KOR",NA,NA
129.074897032763,37.6210455658503,"KOR",NA,NA
129.085722685515,37.6062487572522,"KOR",NA,NA
129.096548338268,37.591451948654,"KOR",NA,NA
129.107373991021,37.5766551400558,"KOR",NA,NA
129.118199643774,37.5618583314577,"KOR",NA,NA
129.129025296526,37.5470615228595,"KOR",NA,NA
129.139850949279,37.5322647142613,"KOR",NA,NA
129.150676602032,37.5174679056632,"KOR",NA,NA
129.161502254785,37.502671097065,"KOR",NA,NA
129.172327907537,37.4878742884668,"KOR",NA,NA
129.18315356029,37.4730774798686,"KOR",NA,NA
129.193979213043,37.4582806712705,"KOR",NA,NA
129.204804865795,37.4434838626723,"KOR",NA,NA
129.214557453001,37.4281033305924,"KOR",NA,NA
129.221098056546,37.4109755517675,"KOR",NA,NA
129.227638660091,37.3938477729425,"KOR",NA,NA
129.234179263637,37.3767199941176,"KOR",NA,NA
129.240719867182,37.3595922152927,"KOR",NA,NA
129.247260470727,37.3424644364678,"KOR",NA,NA
129.253801074273,37.3253366576428,"KOR",NA,NA
129.260341677818,37.3082088788179,"KOR",NA,NA
129.266882281364,37.291081099993,"KOR",NA,NA
129.273422884909,37.2739533211681,"KOR",NA,NA
129.279963488454,37.2568255423431,"KOR",NA,NA
129.286504092,37.2396977635182,"KOR",NA,NA
129.293044695545,37.2225699846933,"KOR",NA,NA
129.29958529909,37.2054422058683,"KOR",NA,NA
129.306125902636,37.1883144270434,"KOR",NA,NA
129.312666506181,37.1711866482185,"KOR",NA,NA
129.319207109727,37.1540588693936,"KOR",NA,NA
129.325747713272,37.1369310905686,"KOR",NA,NA
129.332288316817,37.1198033117437,"KOR",NA,NA
129.338828920363,37.1026755329188,"KOR",NA,NA
129.345369523908,37.0855477540939,"KOR",NA,NA
129.351910127453,37.0684199752689,"KOR",NA,NA
129.358450730999,37.051292196444,"KOR",NA,NA
129.364991334544,37.0341644176191,"KOR",NA,NA
129.37153193809,37.0170366387942,"KOR",NA,NA
129.378072541635,36.9999088599692,"KOR",NA,NA
129.38461314518,36.9827810811443,"KOR",NA,NA
129.391153748726,36.9656533023194,"KOR",NA,NA
129.397694352271,36.9485255234945,"KOR",NA,NA
129.404234955816,36.9313977446695,"KOR",NA,NA
129.410775559362,36.9142699658446,"KOR",NA,NA
129.417316162907,36.8971421870197,"KOR",NA,NA
129.423856766453,36.8800144081947,"KOR",NA,NA
129.430397369998,36.8628866293698,"KOR",NA,NA
129.436937973543,36.8457588505449,"KOR",NA,NA
129.443478577089,36.82863107172,"KOR",NA,NA
129.450019180634,36.811503292895,"KOR",NA,NA
129.456559784179,36.7943755140701,"KOR",NA,NA
129.460500320076,36.7767590071034,"KOR",NA,NA
129.460625321664,36.7584253038,"KOR",NA,NA
129.460750323252,36.7400916004966,"KOR",NA,NA
129.46087532484,36.7217578971932,"KOR",NA,NA
129.461000326428,36.7034241938899,"KOR",NA,NA
129.461125328016,36.6850904905865,"KOR",NA,NA
129.461250329604,36.6667567872831,"KOR",NA,NA
129.461375331192,36.6484230839797,"KOR",NA,NA
129.46150033278,36.6300893806763,"KOR",NA,NA
129.461625334368,36.611755677373,"KOR",NA,NA
129.461750335956,36.5934219740696,"KOR",NA,NA
129.461875337544,36.5750882707662,"KOR",NA,NA
129.462000339132,36.5567545674628,"KOR",NA,NA
129.46212534072,36.5384208641594,"KOR",NA,NA
129.462250342308,36.5200871608561,"KOR",NA,NA
129.462375343896,36.5017534575527,"KOR",NA,NA
129.462500345484,36.4834197542493,"KOR",NA,NA
129.462625347072,36.4650860509459,"KOR",NA,NA
129.46275034866,36.4467523476425,"KOR",NA,NA
129.462875350248,36.4284186443392,"KOR",NA,NA
129.463000351836,36.4100849410358,"KOR",NA,NA
129.463125353424,36.3917512377324,"KOR",NA,NA
129.463250355012,36.373417534429,"KOR",NA,NA
129.4633753566,36.3550838311256,"KOR",NA,NA
129.463500358188,36.3367501278223,"KOR",NA,NA
129.463625359776,36.3184164245189,"KOR",NA,NA
129.463750361364,36.3000827212155,"KOR",NA,NA
129.463875362952,36.2817490179121,"KOR",NA,NA
129.46400036454,36.2634153146087,"KOR",NA,NA
129.464125366128,36.2450816113054,"KOR",NA,NA
129.464250367716,36.226747908002,"KOR",NA,NA
129.464375369304,36.2084142046986,"KOR",NA,NA
129.464500370892,36.1900805013952,"KOR",NA,NA
129.46462537248,36.1717467980919,"KOR",NA,NA
129.464750374068,36.1534130947885,"KOR",NA,NA
129.464875375656,36.1350793914851,"KOR",NA,NA
129.465000377244,36.1167456881817,"KOR",NA,NA
129.465125378832,36.0984119848783,"KOR",NA,NA
129.46525038042,36.080078281575,"KOR",NA,NA
129.465375382008,36.0617445782716,"KOR",NA,NA
129.465500383596,36.0434108749682,"KOR",NA,NA
129.465625385184,36.0250771716648,"KOR",NA,NA
129.465750386772,36.0067434683614,"KOR",NA,NA
129.46587538836,35.9884097650581,"KOR",NA,NA
129.466000389948,35.9700760617547,"KOR",NA,NA
129.466125391536,35.9517423584513,"KOR",NA,NA
129.466250393124,35.9334086551479,"KOR",NA,NA
129.466375394712,35.9150749518445,"KOR",NA,NA
129.4665003963,35.8967412485412,"KOR",NA,NA
129.466625397888,35.8784075452378,"KOR",NA,NA
129.466750399476,35.8600738419344,"KOR",NA,NA
129.466875401064,35.841740138631,"KOR",NA,NA
129.467000402652,35.8234064353276,"KOR",NA,NA
129.46712540424,35.8050727320243,"KOR",NA,NA
129.467250405828,35.7867390287209,"KOR",NA,NA
129.467375407416,35.7684053254175,"KOR",NA,NA
129.467500409004,35.7500716221141,"KOR",NA,NA
129.467625410592,35.7317379188108,"KOR",NA,NA
129.46775041218,35.7134042155074,"KOR",NA,NA
129.467875413768,35.695070512204,"KOR",NA,NA
129.468000415356,35.6767368089006,"KOR",NA,NA
129.468125416944,35.6584031055972,"KOR",NA,NA
129.468250418532,35.6400694022939,"KOR",NA,NA
129.462419848848,35.6235593309805,"KOR",NA,NA
129.452050992015,35.6084389106757,"KOR",NA,NA
129.441682135183,35.5933184903709,"KOR",NA,NA
129.43131327835,35.5781980700662,"KOR",NA,NA
129.420944421517,35.5630776497614,"KOR",NA,NA
129.410575564684,35.5479572294567,"KOR",NA,NA
129.400206707851,35.5328368091519,"KOR",NA,NA
129.389837851018,35.5177163888471,"KOR",NA,NA
129.379468994185,35.5025959685424,"KOR",NA,NA
129.369100137352,35.4874755482376,"KOR",NA,NA
129.358731280519,35.4723551279329,"KOR",NA,NA
129.348362423687,35.4572347076281,"KOR",NA,NA
129.337993566854,35.4421142873233,"KOR",NA,NA
129.327624710021,35.4269938670186,"KOR",NA,NA
129.317255853188,35.4118734467138,"KOR",NA,NA
129.306886996355,35.3967530264091,"KOR",NA,NA
129.296518139522,35.3816326061043,"KOR",NA,NA
129.286149282689,35.3665121857995,"KOR",NA,NA
129.275780425856,35.3513917654948,"KOR",NA,NA
129.265411569024,35.33627134519,"KOR",NA,NA
129.255042712191,35.3211509248853,"KOR",NA,NA
129.244673855358,35.3060305045805,"KOR",NA,NA
129.234304998525,35.2909100842757,"KOR",NA,NA
129.223936141692,35.275789663971,"KOR",NA,NA
129.213567284859,35.2606692436662,"KOR",NA,NA
129.203198428026,35.2455488233615,"KOR",NA,NA
129.192829571193,35.2304284030567,"KOR",NA,NA
129.182460714361,35.2153079827519,"KOR",NA,NA
129.172091857528,35.2001875624472,"KOR",NA,NA
129.161723000695,35.1850671421424,"KOR",NA,NA
129.151354143862,35.1699467218377,"KOR",NA,NA
129.140985287029,35.1548263015329,"KOR",NA,NA
129.130616430196,35.1397058812281,"KOR",NA,NA
129.120247573363,35.1245854609234,"KOR",NA,NA
129.10987871653,35.1094650406186,"KOR",NA,NA
129.099509859698,35.0943446203138,"KOR",NA,NA
129.087509711141,35.0816638837878,"KOR",NA,NA
129.069574743958,35.0778589850546,"KOR",NA,NA
129.051639776776,35.0740540863214,"KOR",NA,NA
129.033704809593,35.0702491875882,"KOR",NA,NA
129.01576984241,35.0664442888551,"KOR",NA,NA
128.997834875228,35.0626393901219,"KOR",NA,NA
128.979899908045,35.0588344913887,"KOR",NA,NA
128.961964940862,35.0550295926555,"KOR",NA,NA
128.94402997368,35.0512246939223,"KOR",NA,NA
128.926095006497,35.0474197951891,"KOR",NA,NA
128.908160039314,35.0436148964559,"KOR",NA,NA
128.890225072132,35.0398099977228,"KOR",NA,NA
128.872290104949,35.0360050989896,"KOR",NA,NA
128.854355137766,35.0322002002564,"KOR",NA,NA
128.836420170584,35.0283953015232,"KOR",NA,NA
128.818485203401,35.02459040279,"KOR",NA,NA
128.800550236218,35.0207855040568,"KOR",NA,NA
128.782615269036,35.0169806053237,"KOR",NA,NA
128.764680301853,35.0131757065905,"KOR",NA,NA
128.74674533467,35.0093708078573,"KOR",NA,NA
128.728810367488,35.0055659091241,"KOR",NA,NA
128.710875400305,35.0017610103909,"KOR",NA,NA
128.692940433122,34.9979561116577,"KOR",NA,NA
128.67500546594,34.9941512129245,"KOR",NA,NA
128.657070498757,34.9903463141914,"KOR",NA,NA
128.639135531574,34.9865414154582,"KOR",NA,NA
128.621200564392,34.982736516725,"KOR",NA,NA
128.603265597209,34.9789316179918,"KOR",NA,NA
128.585330630026,34.9751267192586,"KOR",NA,NA
128.567395662843,34.9713218205254,"KOR",NA,NA
128.549460695661,34.9675169217923,"KOR",NA,NA
128.531525728478,34.9637120230591,"KOR",NA,NA
128.513590761295,34.9599071243259,"KOR",NA,NA
128.495655794113,34.9561022255927,"KOR",NA,NA
128.47772082693,34.9522973268595,"KOR",NA,NA
128.459785859747,34.9484924281263,"KOR",NA,NA
128.441850892565,34.9446875293931,"KOR",NA,NA
128.423915925382,34.94088263066,"KOR",NA,NA
128.405980958199,34.9370777319268,"KOR",NA,NA
128.388045991017,34.9332728331936,"KOR",NA,NA
128.370111023834,34.9294679344604,"KOR",NA,NA
128.352176056651,34.9256630357272,"KOR",NA,NA
128.334241089469,34.921858136994,"KOR",NA,NA
128.316306122286,34.9180532382609,"KOR",NA,NA
128.298371155103,34.9142483395277,"KOR",NA,NA
128.280436187921,34.9104434407945,"KOR",NA,NA
128.262501220738,34.9066385420613,"KOR",NA,NA
128.244566253555,34.9028336433281,"KOR",NA,NA
128.226631286373,34.8990287445949,"KOR",NA,NA
128.20869631919,34.8952238458618,"KOR",NA,NA
128.190761352007,34.8914189471286,"KOR",NA,NA
128.174032371746,34.8842457250712,"KOR",NA,NA
128.157758124352,34.8758024334153,"KOR",NA,NA
128.141483876959,34.8673591417594,"KOR",NA,NA
128.125209629565,34.8589158501035,"KOR",NA,NA
128.108935382172,34.8504725584476,"KOR",NA,NA
128.092661134778,34.8420292667917,"KOR",NA,NA
128.076386887385,34.8335859751358,"KOR",NA,NA
128.060112639991,34.8251426834799,"KOR",NA,NA
128.043838392597,34.816699391824,"KOR",NA,NA
128.027564145204,34.8082561001681,"KOR",NA,NA
128.01128989781,34.7998128085123,"KOR",NA,NA
127.995015650417,34.7913695168564,"KOR",NA,NA
127.978741403023,34.7829262252005,"KOR",NA,NA
127.96246715563,34.7744829335446,"KOR",NA,NA
127.946192908236,34.7660396418887,"KOR",NA,NA
127.929918660843,34.7575963502328,"KOR",NA,NA
127.913644413449,34.7491530585769,"KOR",NA,NA
127.897370166055,34.740709766921,"KOR",NA,NA
127.881095918662,34.7322664752651,"KOR",NA,NA
127.864821671268,34.7238231836092,"KOR",NA,NA
127.848547423875,34.7153798919533,"KOR",NA,NA
127.832273176481,34.7069366002974,"KOR",NA,NA
127.815998929088,34.6984933086416,"KOR",NA,NA
127.799724681694,34.6900500169857,"KOR",NA,NA
127.7834504343,34.6816067253298,"KOR",NA,NA
127.767176186907,34.6731634336739,"KOR",NA,NA
127.750901939513,34.664720142018,"KOR",NA,NA
127.73462769212,34.6562768503621,"KOR",NA,NA
127.718353444726,34.6478335587062,"KOR",NA,NA
127.702079197333,34.6393902670503,"KOR",NA,NA
127.685804949939,34.6309469753944,"KOR",NA,NA
127.669530702546,34.6225036837385,"KOR",NA,NA
127.653256455152,34.6140603920826,"KOR",NA,NA
127.636982207758,34.6056171004267,"KOR",NA,NA
127.620707960365,34.5971738087708,"KOR",NA,NA
127.604433712971,34.588730517115,"KOR",NA,NA
127.588159465578,34.5802872254591,"KOR",NA,NA
127.571885218184,34.5718439338032,"KOR",NA,NA
127.555610970791,34.5634006421473,"KOR",NA,NA
127.539336723397,34.5549573504914,"KOR",NA,NA
127.523062476003,34.5465140588355,"KOR",NA,NA
127.50678822861,34.5380707671796,"KOR",NA,NA
127.490513981216,34.5296274755237,"KOR",NA,NA
127.474239733823,34.5211841838678,"KOR",NA,NA
127.457965486429,34.5127408922119,"KOR",NA,NA
127.441691239036,34.504297600556,"KOR",NA,NA
127.425416991642,34.4958543089001,"KOR",NA,NA
127.409142744249,34.4874110172442,"KOR",NA,NA
127.392868496855,34.4789677255884,"KOR",NA,NA
127.375388172517,34.4746155924198,"KOR",NA,NA
127.357136324059,34.472880562135,"KOR",NA,NA
127.338884475601,34.4711455318502,"KOR",NA,NA
127.320632627144,34.4694105015654,"KOR",NA,NA
127.302380778686,34.4676754712806,"KOR",NA,NA
127.284128930228,34.4659404409957,"KOR",NA,NA
127.26587708177,34.4642054107109,"KOR",NA,NA
127.247625233313,34.4624703804261,"KOR",NA,NA
127.229373384855,34.4607353501413,"KOR",NA,NA
127.211121536397,34.4590003198565,"KOR",NA,NA
127.192869687939,34.4572652895717,"KOR",NA,NA
127.174617839482,34.4555302592869,"KOR",NA,NA
127.156365991024,34.4537952290021,"KOR",NA,NA
127.138114142566,34.4520601987173,"KOR",NA,NA
127.119862294108,34.4503251684325,"KOR",NA,NA
127.101610445651,34.4485901381477,"KOR",NA,NA
127.083358597193,34.4468551078629,"KOR",NA,NA
127.065106748735,34.4451200775781,"KOR",NA,NA
127.046854900278,34.4433850472933,"KOR",NA,NA
127.02860305182,34.4416500170084,"KOR",NA,NA
127.010351203362,34.4399149867236,"KOR",NA,NA
126.992099354904,34.4381799564388,"KOR",NA,NA
126.973847506447,34.436444926154,"KOR",NA,NA
126.955595657989,34.4347098958692,"KOR",NA,NA
126.937343809531,34.4329748655844,"KOR",NA,NA
126.919091961073,34.4312398352996,"KOR",NA,NA
126.900840112616,34.4295048050148,"KOR",NA,NA
126.882588264158,34.42776977473,"KOR",NA,NA
126.8643364157,34.4260347444452,"KOR",NA,NA
126.846084567242,34.4242997141604,"KOR",NA,NA
126.827832718785,34.4225646838756,"KOR",NA,NA
126.809580870327,34.4208296535908,"KOR",NA,NA
126.791329021869,34.419094623306,"KOR",NA,NA
126.773077173411,34.4173595930211,"KOR",NA,NA
126.754825324954,34.4156245627363,"KOR",NA,NA
126.736573476496,34.4138895324515,"KOR",NA,NA
126.718321628038,34.4121545021667,"KOR",NA,NA
126.700069779581,34.4104194718819,"KOR",NA,NA
126.681817931123,34.4086844415971,"KOR",NA,NA
126.663566082665,34.4069494113123,"KOR",NA,NA
126.645314234207,34.4052143810275,"KOR",NA,NA
126.62706238575,34.4034793507427,"KOR",NA,NA
126.608810537292,34.4017443204579,"KOR",NA,NA
126.590558688834,34.4000092901731,"KOR",NA,NA
126.572306840376,34.3982742598883,"KOR",NA,NA
126.554054991919,34.3965392296035,"KOR",NA,NA
126.535803143461,34.3948041993187,"KOR",NA,NA
126.517551295003,34.3930691690339,"KOR",NA,NA
126.499299446545,34.391334138749,"KOR",NA,NA
126.484797754327,34.3946704668255,"KOR",NA,NA
126.481109424686,34.4126297687794,"KOR",NA,NA
126.477421095045,34.4305890707333,"KOR",NA,NA
126.473732765404,34.4485483726872,"KOR",NA,NA
126.470044435762,34.4665076746412,"KOR",NA,NA
126.466356106121,34.4844669765951,"KOR",NA,NA
126.46266777648,34.502426278549,"KOR",NA,NA
126.458979446839,34.5203855805029,"KOR",NA,NA
126.455291117198,34.5383448824568,"KOR",NA,NA
126.451602787557,34.5563041844107,"KOR",NA,NA
126.447914457916,34.5742634863647,"KOR",NA,NA
126.444226128275,34.5922227883186,"KOR",NA,NA
126.440537798634,34.6101820902725,"KOR",NA,NA
126.436849468993,34.6281413922264,"KOR",NA,NA
126.433161139351,34.6461006941803,"KOR",NA,NA
126.42947280971,34.6640599961342,"KOR",NA,NA
126.425784480069,34.6820192980882,"KOR",NA,NA
126.422096150428,34.6999786000421,"KOR",NA,NA
126.418407820787,34.717937901996,"KOR",NA,NA
126.414719491146,34.7358972039499,"KOR",NA,NA
126.411031161505,34.7538565059038,"KOR",NA,NA
126.407342831864,34.7718158078577,"KOR",NA,NA
126.403654502223,34.7897751098117,"KOR",NA,NA
126.399966172582,34.8077344117656,"KOR",NA,NA
126.39627784294,34.8256937137195,"KOR",NA,NA
126.392589513299,34.8436530156734,"KOR",NA,NA
126.388901183658,34.8616123176273,"KOR",NA,NA
126.385212854017,34.8795716195812,"KOR",NA,NA
126.381524524376,34.8975309215352,"KOR",NA,NA
126.377836194735,34.9154902234891,"KOR",NA,NA
126.374147865094,34.933449525443,"KOR",NA,NA
126.378045562588,34.9512582943382,"KOR",NA,NA
126.382443457707,34.9690571375796,"KOR",NA,NA
126.386841352826,34.9868559808211,"KOR",NA,NA
126.391239247945,35.0046548240626,"KOR",NA,NA
126.395637143065,35.0224536673041,"KOR",NA,NA
126.400035038184,35.0402525105455,"KOR",NA,NA
126.404432933303,35.058051353787,"KOR",NA,NA
126.408830828422,35.0758501970285,"KOR",NA,NA
126.413228723541,35.0936490402699,"KOR",NA,NA
126.41762661866,35.1114478835114,"KOR",NA,NA
126.422024513779,35.1292467267529,"KOR",NA,NA
126.426422408898,35.1470455699944,"KOR",NA,NA
126.430820304018,35.1648444132358,"KOR",NA,NA
126.435218199137,35.1826432564773,"KOR",NA,NA
126.439616094256,35.2004420997188,"KOR",NA,NA
126.444013989375,35.2182409429603,"KOR",NA,NA
126.448411884494,35.2360397862017,"KOR",NA,NA
126.452809779613,35.2538386294432,"KOR",NA,NA
126.457207674732,35.2716374726847,"KOR",NA,NA
126.461605569851,35.2894363159261,"KOR",NA,NA
126.466003464971,35.3072351591676,"KOR",NA,NA
126.47040136009,35.3250340024091,"KOR",NA,NA
126.474799255209,35.3428328456506,"KOR",NA,NA
126.479197150328,35.360631688892,"KOR",NA,NA
126.483595045447,35.3784305321335,"KOR",NA,NA
126.487992940566,35.396229375375,"KOR",NA,NA
126.492390835685,35.4140282186164,"KOR",NA,NA
126.496788730805,35.4318270618579,"KOR",NA,NA
126.501186625924,35.4496259050994,"KOR",NA,NA
126.505584521043,35.4674247483409,"KOR",NA,NA
126.509982416162,35.4852235915823,"KOR",NA,NA
126.514380311281,35.5030224348238,"KOR",NA,NA
126.5187782064,35.5208212780653,"KOR",NA,NA
126.523176101519,35.5386201213067,"KOR",NA,NA
126.527573996638,35.5564189645482,"KOR",NA,NA
126.531971891758,35.5742178077897,"KOR",NA,NA
126.536369786877,35.5920166510312,"KOR",NA,NA
126.540767681996,35.6098154942726,"KOR",NA,NA
126.545165577115,35.6276143375141,"KOR",NA,NA
126.549563472234,35.6454131807556,"KOR",NA,NA
126.553961367353,35.663212023997,"KOR",NA,NA
126.558359262472,35.6810108672385,"KOR",NA,NA
126.553488535369,35.6980704979823,"KOR",NA,NA
126.546325110257,35.7149472761964,"KOR",NA,NA
126.539161685146,35.7318240544105,"KOR",NA,NA
126.531998260035,35.7487008326246,"KOR",NA,NA
126.524834834923,35.7655776108387,"KOR",NA,NA
126.517671409812,35.7824543890528,"KOR",NA,NA
126.510507984701,35.7993311672669,"KOR",NA,NA
126.503344559589,35.8162079454809,"KOR",NA,NA
126.496181134478,35.833084723695,"KOR",NA,NA
126.489017709367,35.8499615019091,"KOR",NA,NA
126.481854284255,35.8668382801232,"KOR",NA,NA
126.474690859144,35.8837150583373,"KOR",NA,NA
126.467527434033,35.9005918365514,"KOR",NA,NA
126.460364008921,35.9174686147655,"KOR",NA,NA
126.45320058381,35.9343453929796,"KOR",NA,NA
126.446037158698,35.9512221711936,"KOR",NA,NA
126.438873733587,35.9680989494077,"KOR",NA,NA
126.431710308476,35.9849757276218,"KOR",NA,NA
126.424546883364,36.0018525058359,"KOR",NA,NA
126.417383458253,36.01872928405,"KOR",NA,NA
126.410220033142,36.0356060622641,"KOR",NA,NA
126.40305660803,36.0524828404782,"KOR",NA,NA
126.395893182919,36.0693596186922,"KOR",NA,NA
126.388729757808,36.0862363969063,"KOR",NA,NA
126.381566332696,36.1031131751204,"KOR",NA,NA
126.374402907585,36.1199899533345,"KOR",NA,NA
126.367239482474,36.1368667315486,"KOR",NA,NA
126.360076057362,36.1537435097627,"KOR",NA,NA
126.352912632251,36.1706202879768,"KOR",NA,NA
126.34574920714,36.1874970661909,"KOR",NA,NA
126.338585782028,36.2043738444049,"KOR",NA,NA
126.331422356917,36.221250622619,"KOR",NA,NA
126.324258931806,36.2381274008331,"KOR",NA,NA
126.317095506694,36.2550041790472,"KOR",NA,NA
126.309932081583,36.2718809572613,"KOR",NA,NA
126.302768656472,36.2887577354754,"KOR",NA,NA
126.29560523136,36.3056345136895,"KOR",NA,NA
126.288441806249,36.3225112919035,"KOR",NA,NA
126.281278381137,36.3393880701176,"KOR",NA,NA
126.274114956026,36.3562648483317,"KOR",NA,NA
126.266951530915,36.3731416265458,"KOR",NA,NA
126.259788105803,36.3900184047599,"KOR",NA,NA
126.252624680692,36.406895182974,"KOR",NA,NA
126.245461255581,36.4237719611881,"KOR",NA,NA
126.238297830469,36.4406487394021,"KOR",NA,NA
126.231134405358,36.4575255176162,"KOR",NA,NA
126.223970980247,36.4744022958303,"KOR",NA,NA
126.216807555135,36.4912790740444,"KOR",NA,NA
126.209644130024,36.5081558522585,"KOR",NA,NA
126.202480704913,36.5250326304726,"KOR",NA,NA
126.195317279801,36.5419094086867,"KOR",NA,NA
126.18815385469,36.5587861869008,"KOR",NA,NA
126.180990429579,36.5756629651148,"KOR",NA,NA
126.173827004467,36.5925397433289,"KOR",NA,NA
126.166663579356,36.609416521543,"KOR",NA,NA
126.159500154245,36.6262932997571,"KOR",NA,NA
126.152336729133,36.6431700779712,"KOR",NA,NA
126.145173304022,36.6600468561853,"KOR",NA,NA
126.138009878911,36.6769236343994,"KOR",NA,NA
126.130846453799,36.6938004126134,"KOR",NA,NA
126.123683028688,36.7106771908275,"KOR",NA,NA
126.119590162141,36.7259818867898,"KOR",NA,NA
126.137470278507,36.7300367284579,"KOR",NA,NA
126.155350394873,36.7340915701259,"KOR",NA,NA
126.173230511239,36.7381464117939,"KOR",NA,NA
126.191110627605,36.742201253462,"KOR",NA,NA
126.208990743971,36.7462560951301,"KOR",NA,NA
126.226870860337,36.7503109367981,"KOR",NA,NA
126.244750976703,36.7543657784661,"KOR",NA,NA
126.262631093069,36.7584206201342,"KOR",NA,NA
126.280511209435,36.7624754618022,"KOR",NA,NA
126.298391325801,36.7665303034703,"KOR",NA,NA
126.316271442167,36.7705851451383,"KOR",NA,NA
126.334151558533,36.7746399868064,"KOR",NA,NA
126.352031674899,36.7786948284744,"KOR",NA,NA
126.369911791265,36.7827496701425,"KOR",NA,NA
126.387791907631,36.7868045118105,"KOR",NA,NA
126.405672023997,36.7908593534786,"KOR",NA,NA
126.423552140363,36.7949141951466,"KOR",NA,NA
126.441432256729,36.7989690368147,"KOR",NA,NA
126.459312373095,36.8030238784827,"KOR",NA,NA
126.477192489461,36.8070787201508,"KOR",NA,NA
126.495072605827,36.8111335618188,"KOR",NA,NA
126.512952722193,36.8151884034869,"KOR",NA,NA
126.530832838558,36.8192432451549,"KOR",NA,NA
126.548712954924,36.823298086823,"KOR",NA,NA
126.56659307129,36.827352928491,"KOR",NA,NA
126.584473187656,36.8314077701591,"KOR",NA,NA
126.602353304022,36.8354626118271,"KOR",NA,NA
126.620233420388,36.8395174534952,"KOR",NA,NA
126.638113536754,36.8435722951632,"KOR",NA,NA
126.65599365312,36.8476271368313,"KOR",NA,NA
126.673873769486,36.8516819784993,"KOR",NA,NA
126.691753885852,36.8557368201674,"KOR",NA,NA
126.709634002218,36.8597916618354,"KOR",NA,NA
126.727514118584,36.8638465035035,"KOR",NA,NA
126.74539423495,36.8679013451715,"KOR",NA,NA
126.763274351316,36.8719561868396,"KOR",NA,NA
126.781154467682,36.8760110285076,"KOR",NA,NA
126.799034584048,36.8800658701756,"KOR",NA,NA
126.816914700414,36.8841207118437,"KOR",NA,NA
126.83479481678,36.8881755535117,"KOR",NA,NA
126.852674933146,36.8922303951798,"KOR",NA,NA
126.853469316669,36.9022570575592,"KOR",NA,NA
126.842008174798,36.9165672821983,"KOR",NA,NA
126.830547032927,36.9308775068374,"KOR",NA,NA
126.819085891056,36.9451877314764,"KOR",NA,NA
126.807624749184,36.9594979561155,"KOR",NA,NA
126.796163607313,36.9738081807545,"KOR",NA,NA
126.784702465442,36.9881184053936,"KOR",NA,NA
126.773241323571,37.0024286300327,"KOR",NA,NA
126.761780181699,37.0167388546717,"KOR",NA,NA
126.750319039828,37.0310490793108,"KOR",NA,NA
126.738857897957,37.0453593039499,"KOR",NA,NA
126.727396756086,37.0596695285889,"KOR",NA,NA
126.715935614214,37.073979753228,"KOR",NA,NA
126.704474472343,37.088289977867,"KOR",NA,NA
126.693013330472,37.1026002025061,"KOR",NA,NA
126.681552188601,37.1169104271452,"KOR",NA,NA
126.670091046729,37.1312206517842,"KOR",NA,NA
126.658629904858,37.1455308764233,"KOR",NA,NA
126.647168762987,37.1598411010624,"KOR",NA,NA
126.635707621116,37.1741513257014,"KOR",NA,NA
126.624246479244,37.1884615503405,"KOR",NA,NA
126.612785337373,37.2027717749795,"KOR",NA,NA
126.601324195502,37.2170819996186,"KOR",NA,NA
126.589863053631,37.2313922242577,"KOR",NA,NA
126.578401911759,37.2457024488967,"KOR",NA,NA
126.566940769888,37.2600126735358,"KOR",NA,NA
126.555479628017,37.2743228981749,"KOR",NA,NA
126.544018486146,37.2886331228139,"KOR",NA,NA
126.532557344274,37.302943347453,"KOR",NA,NA
126.521096202403,37.317253572092,"KOR",NA,NA
126.509635060532,37.3315637967311,"KOR",NA,NA
126.498173918661,37.3458740213702,"KOR",NA,NA
126.486712776789,37.3601842460092,"KOR",NA,NA
126.475251634918,37.3744944706483,"KOR",NA,NA
126.463790493047,37.3888046952874,"KOR",NA,NA
126.452329351176,37.4031149199264,"KOR",NA,NA
126.440868209304,37.4174251445655,"KOR",NA,NA
126.429407067433,37.4317353692045,"KOR",NA,NA
126.417945925562,37.4460455938436,"KOR",NA,NA
126.406484783691,37.4603558184827,"KOR",NA,NA
126.395023641819,37.4746660431217,"KOR",NA,NA
126.383562499948,37.4889762677608,"KOR",NA,NA
126.372101358077,37.5032864923999,"KOR",NA,NA
126.360640216206,37.5175967170389,"KOR",NA,NA
126.349179074334,37.531906941678,"KOR",NA,NA
126.337717932463,37.546217166317,"KOR",NA,NA
126.326256790592,37.5605273909561,"KOR",NA,NA
126.314795648721,37.5748376155952,"KOR",NA,NA
126.303334506849,37.5891478402342,"KOR",NA,NA
126.291873364978,37.6034580648733,"KOR",NA,NA
126.280412223107,37.6177682895124,"KOR",NA,NA
126.268951081236,37.6320785141514,"KOR",NA,NA
126.257489939364,37.6463887387905,"KOR",NA,NA
126.246028797493,37.6606989634295,"KOR",NA,NA
126.234567655622,37.6750091880686,"KOR",NA,NA
126.223106513751,37.6893194127077,"KOR",NA,NA
126.211645371879,37.7036296373467,"KOR",NA,NA
126.200184230008,37.7179398619858,"KOR",NA,NA
126.188723088137,37.7322500866249,"KOR",NA,NA
126.177261946266,37.7465603112639,"KOR",NA,NA
126.161416871374,37.7549143483966,"KOR",NA,NA
126.144346751364,37.7616039900219,"KOR",NA,NA
126.127276631355,37.7682936316473,"KOR",NA,NA
126.110206511345,37.7749832732726,"KOR",NA,NA
126.093136391336,37.7816729148979,"KOR",NA,NA
126.076066271326,37.7883625565233,"KOR",NA,NA
126.058996151317,37.7950521981486,"KOR",NA,NA
126.041926031307,37.8017418397739,"KOR",NA,NA
126.024855911298,37.8084314813993,"KOR",NA,NA
126.007785791288,37.8151211230246,"KOR",NA,NA
57.6702270837452,-20.005039247819,"MUS",NA,NA
102.401180692158,2.13173358811629,"MYS",NA,NA
103.49758024234,2.80719360984595,"MYS",NA,NA
100.350400035589,5.38453928519391,"MYS",NA,NA
103.498816678944,2.80563833834934,"MYS",NA,NA
102.406273047379,2.13051379290329,"MYS",NA,NA
120.797411023711,12.7589541633561,"PHL",NA,NA
120.747754497596,12.8330719828576,"PHL",NA,NA
120.698097971482,12.9071898023591,"PHL",NA,NA
120.648441445367,12.9813076218606,"PHL",NA,NA
120.598784919252,13.0554254413621,"PHL",NA,NA
120.549128393137,13.1295432608636,"PHL",NA,NA
120.499471867023,13.2036610803651,"PHL",NA,NA
120.449815340908,13.2777788998666,"PHL",NA,NA
120.400158814793,13.3518967193681,"PHL",NA,NA
120.350502288678,13.4260145388696,"PHL",NA,NA
120.363985982469,13.4646756011753,"PHL",NA,NA
120.453118630758,13.4608555537263,"PHL",NA,NA
120.542251279047,13.4570355062773,"PHL",NA,NA
120.631383927335,13.4532154588284,"PHL",NA,NA
120.720516575624,13.4493954113794,"PHL",NA,NA
120.809649223912,13.4455753639304,"PHL",NA,NA
120.898781872201,13.4417553164815,"PHL",NA,NA
120.987914520489,13.4379352690325,"PHL",NA,NA
121.077047168778,13.4341152215835,"PHL",NA,NA
121.166179817066,13.4302951741345,"PHL",NA,NA
121.232365693768,13.3755281899703,"PHL",NA,NA
121.294294421891,13.3113093890893,"PHL",NA,NA
121.356223150013,13.2470905882083,"PHL",NA,NA
121.418151878135,13.1828717873273,"PHL",NA,NA
121.480080606258,13.1186529864463,"PHL",NA,NA
121.521215708109,13.0494618903661,"PHL",NA,NA
121.495037785706,12.9641745048271,"PHL",NA,NA
121.468859863303,12.8788871192881,"PHL",NA,NA
121.442681940899,12.7935997337491,"PHL",NA,NA
121.416504018496,12.7083123482101,"PHL",NA,NA
121.390326096092,12.6230249626711,"PHL",NA,NA
121.364148173689,12.5377375771321,"PHL",NA,NA
121.337970251285,12.4524501915931,"PHL",NA,NA
121.311792328882,12.3671628060541,"PHL",NA,NA
121.285614406478,12.2818754205151,"PHL",NA,NA
121.25607728907,12.2126815784278,"PHL",NA,NA
121.197967640361,12.2803756732983,"PHL",NA,NA
121.139857991652,12.3480697681688,"PHL",NA,NA
121.081748342943,12.4157638630393,"PHL",NA,NA
121.023638694233,12.4834579579099,"PHL",NA,NA
120.965529045524,12.5511520527804,"PHL",NA,NA
120.907419396815,12.6188461476509,"PHL",NA,NA
120.849309748106,12.6865402425215,"PHL",NA,NA
122.610374384784,10.0081503656898,"PHL",NA,NA
122.723905584213,10.1348649286105,"PHL",NA,NA
122.837174556041,10.2617072138454,"PHL",NA,NA
122.866949944604,10.4292164372808,"PHL",NA,NA
122.896725333167,10.5967256607161,"PHL",NA,NA
122.926500721731,10.7642348841515,"PHL",NA,NA
122.997782916196,10.8872355969672,"PHL",NA,NA
123.166960277799,10.905261523323,"PHL",NA,NA
123.336137639402,10.9232874496788,"PHL",NA,NA
123.497336825576,10.9343010909928,"PHL",NA,NA
123.457748658854,10.7688360168665,"PHL",NA,NA
123.418160492133,10.6033709427402,"PHL",NA,NA
123.378572325411,10.4379058686139,"PHL",NA,NA
123.338984158689,10.2724407944876,"PHL",NA,NA
123.438131855758,10.3982733873138,"PHL",NA,NA
123.541653190036,10.5332891162098,"PHL",NA,NA
123.645174524314,10.6683048451059,"PHL",NA,NA
123.748695858592,10.803320574002,"PHL",NA,NA
123.85221719287,10.9383363028981,"PHL",NA,NA
123.955738527148,11.0733520317942,"PHL",NA,NA
124.059259861426,11.2083677606902,"PHL",NA,NA
124.064045998571,11.0939775829599,"PHL",NA,NA
124.047098775201,10.9246887607652,"PHL",NA,NA
124.030151551831,10.7553999385706,"PHL",NA,NA
124.01320432846,10.5861111163759,"PHL",NA,NA
123.99625710509,10.4168222941812,"PHL",NA,NA
123.959266963232,10.2575853252273,"PHL",NA,NA
123.833725433492,10.1427583335807,"PHL",NA,NA
123.708183903752,10.0279313419342,"PHL",NA,NA
123.598743233715,9.90098967555961,"PHL",NA,NA
123.523188147855,9.74855167930988,"PHL",NA,NA
123.447633061994,9.59611368306015,"PHL",NA,NA
123.372077976134,9.44367568681042,"PHL",NA,NA
123.287967782271,9.29757457207828,"PHL",NA,NA
123.164167314178,9.18087256781085,"PHL",NA,NA
123.040366846085,9.06417056354342,"PHL",NA,NA
122.923369286666,9.10352295554127,"PHL",NA,NA
122.810193984168,9.23055548918667,"PHL",NA,NA
122.697018681669,9.35758802283208,"PHL",NA,NA
122.58384337917,9.48462055647748,"PHL",NA,NA
122.470668076672,9.61165309012289,"PHL",NA,NA
122.400742576421,9.74023871538211,"PHL",NA,NA
122.504514697325,9.87506178693548,"PHL",NA,NA
126.421165621412,8.12497579627927,"PHL",NA,NA
126.483826861723,7.69975409779776,"PHL",NA,NA
126.528724566104,7.27224130739465,"PHL",NA,NA
126.41651712257,6.86460691736464,"PHL",NA,NA
126.266553317819,6.46174981232407,"PHL",NA,NA
126.119229089539,6.49066022226364,"PHL",NA,NA
125.974201979697,6.8953207308726,"PHL",NA,NA
125.826909127195,7.28882123806921,"PHL",NA,NA
125.535557711804,6.97275582938529,"PHL",NA,NA
125.434043713929,6.62451310512205,"PHL",NA,NA
125.604968180557,6.23009224293969,"PHL",NA,NA
125.5614739684,5.85070641732884,"PHL",NA,NA
125.294528807181,5.63130056769042,"PHL",NA,NA
124.909002865146,5.82143930081696,"PHL",NA,NA
124.523476923111,6.0115780339435,"PHL",NA,NA
124.186756026401,6.24641537295976,"PHL",NA,NA
124.031146763308,6.64712567611748,"PHL",NA,NA
124.032944631784,7.0320539727098,"PHL",NA,NA
124.211975618636,7.38426485556778,"PHL",NA,NA
123.867508748349,7.64141377174615,"PHL",NA,NA
123.544516816966,7.74686609208851,"PHL",NA,NA
123.277733046138,7.42037597519074,"PHL",NA,NA
122.849300604032,7.45542782774613,"PHL",NA,NA
122.501334528414,7.21295576950199,"PHL",NA,NA
122.158100292254,6.95416386672146,"PHL",NA,NA
121.921050260775,7.19452975758575,"PHL",NA,NA
122.102493313267,7.58422375102076,"PHL",NA,NA
122.283936365759,7.97391774445578,"PHL",NA,NA
122.643394634535,8.18274977869583,"PHL",NA,NA
123.026655292433,8.37445928338951,"PHL",NA,NA
123.380301278893,8.61883093902525,"PHL",NA,NA
123.671901327731,8.45709930040801,"PHL",NA,NA
123.986834281827,8.29279192908158,"PHL",NA,NA
124.391267505036,8.43845166195645,"PHL",NA,NA
124.672354041165,8.70805093584593,"PHL",NA,NA
124.92566838737,8.96646804386918,"PHL",NA,NA
125.35522847834,8.98262719184051,"PHL",NA,NA
125.447423598759,9.29969924413887,"PHL",NA,NA
125.414572811245,9.72830607513512,"PHL",NA,NA
125.755417822217,9.55947831778726,"PHL",NA,NA
126.126443504835,9.34240014602721,"PHL",NA,NA
126.275041726397,8.97207857668223,"PHL",NA,NA
126.351181085533,8.54904104814293,"PHL",NA,NA
118.408167309178,9.24761252608723,"PHL",NA,NA
118.256005151351,9.13907810733158,"PHL",NA,NA
118.103842993523,9.03054368857592,"PHL",NA,NA
117.951680835696,8.92200926982027,"PHL",NA,NA
117.799518677868,8.81347485106462,"PHL",NA,NA
117.647356520041,8.70494043230896,"PHL",NA,NA
117.495194362214,8.59640601355331,"PHL",NA,NA
117.343032204386,8.48787159479765,"PHL",NA,NA
117.190870046559,8.379337176042,"PHL",NA,NA
117.269849514642,8.50385999766522,"PHL",NA,NA
117.377124399785,8.65691273807479,"PHL",NA,NA
117.484399284928,8.80996547848436,"PHL",NA,NA
117.591674170071,8.96301821889393,"PHL",NA,NA
117.710128664851,9.10591619858704,"PHL",NA,NA
117.852193966059,9.22736780426582,"PHL",NA,NA
117.994259267267,9.3488194099446,"PHL",NA,NA
118.136324568475,9.47027101562338,"PHL",NA,NA
118.278389869683,9.59172262130216,"PHL",NA,NA
118.415838408955,9.71782565571915,"PHL",NA,NA
118.53834936543,9.85897843774249,"PHL",NA,NA
118.660860321905,10.0001312197658,"PHL",NA,NA
118.78337127838,10.1412840017892,"PHL",NA,NA
118.905882234855,10.2824367838125,"PHL",NA,NA
119.016568665725,10.4316820591136,"PHL",NA,NA
119.103791012122,10.5969857330546,"PHL",NA,NA
119.191013358519,10.7622894069955,"PHL",NA,NA
119.278235704915,10.9275930809365,"PHL",NA,NA
119.365458051312,11.0928967548774,"PHL",NA,NA
119.452680397709,11.2582004288184,"PHL",NA,NA
119.524491342605,11.3102006457615,"PHL",NA,NA
119.564392935771,11.1276057247146,"PHL",NA,NA
119.604294528937,10.9450108036677,"PHL",NA,NA
119.644196122103,10.7624158826207,"PHL",NA,NA
119.684097715269,10.5798209615738,"PHL",NA,NA
119.566210138211,10.4513174502594,"PHL",NA,NA
119.42267545589,10.3316059750349,"PHL",NA,NA
119.27914077357,10.2118944998105,"PHL",NA,NA
119.135606091249,10.092183024586,"PHL",NA,NA
118.999909855964,9.96496255812274,"PHL",NA,NA
118.886468194959,9.81642289379829,"PHL",NA,NA
118.773026533953,9.66788322947384,"PHL",NA,NA
118.659584872947,9.51934356514938,"PHL",NA,NA
118.546143211942,9.37080390082493,"PHL",NA,NA
122.195198653084,17.7663589468358,"PHL",NA,NA
122.408666205061,17.3181449474873,"PHL",NA,NA
122.440849994567,16.8574378702759,"PHL",NA,NA
122.290885334818,16.3841781257536,"PHL",NA,NA
121.930873184359,16.0817343073926,"PHL",NA,NA
121.626507330922,15.745631105239,"PHL",NA,NA
121.531163900736,15.2584208679907,"PHL",NA,NA
121.602494673631,14.7779395093917,"PHL",NA,NA
121.757686730331,14.3223785528445,"PHL",NA,NA
122.24375115867,14.2213559986214,"PHL",NA,NA
122.72234081086,14.3271909203879,"PHL",NA,NA
123.176099569635,14.1257779769245,"PHL",NA,NA
123.629858328409,13.9243650334611,"PHL",NA,NA
123.925169811137,13.6384448988461,"PHL",NA,NA
123.92732979148,13.184576629295,"PHL",NA,NA
124.141482503133,12.8209146457694,"PHL",NA,NA
123.903883005142,12.645968303406,"PHL",NA,NA
123.483799831999,12.9105326861205,"PHL",NA,NA
123.138769459501,13.2540579772133,"PHL",NA,NA
122.853393620911,13.4455493319073,"PHL",NA,NA
122.540731024973,13.3086521014818,"PHL",NA,NA
122.17904309307,13.6487197783855,"PHL",NA,NA
121.740263947033,13.7365789138293,"PHL",NA,NA
121.250257269196,13.6568440993883,"PHL",NA,NA
120.787342685845,13.787200584816,"PHL",NA,NA
120.667971928999,14.1780605470428,"PHL",NA,NA
120.991745161023,14.5253324144871,"PHL",NA,NA
120.653262197688,14.6448801581609,"PHL",NA,NA
120.412713190655,14.572516567807,"PHL",NA,NA
120.089169640992,14.9490584066915,"PHL",NA,NA
119.920646630802,15.4136116201312,"PHL",NA,NA
119.901393679606,15.9096897478785,"PHL",NA,NA
119.916368028607,16.3370662813543,"PHL",NA,NA
120.287659850542,16.053108213126,"PHL",NA,NA
120.320467197349,16.5484746057633,"PHL",NA,NA
120.353274544156,17.0438409984006,"PHL",NA,NA
120.386081890963,17.5392073910379,"PHL",NA,NA
120.537722633461,18.0097850253376,"PHL",NA,NA
120.705701191563,18.4769545759045,"PHL",NA,NA
121.182272958311,18.5043316531747,"PHL",NA,NA
121.645613072822,18.3538227927839,"PHL",NA,NA
122.071041978901,18.3312323198886,"PHL",NA,NA
122.336138684509,18.227168388377,"PHL",NA,NA
122.009793525234,11.5036843242094,"PHL",NA,NA
121.977114240683,11.6041382197629,"PHL",NA,NA
121.944434956131,11.7045921153164,"PHL",NA,NA
121.911755671579,11.8050460108699,"PHL",NA,NA
121.896394215207,11.8851305891746,"PHL",NA,NA
121.990281996453,11.8367156606568,"PHL",NA,NA
122.084169777699,11.7883007321389,"PHL",NA,NA
122.178057558945,11.7398858036211,"PHL",NA,NA
122.271945340191,11.6914708751032,"PHL",NA,NA
122.365833121437,11.6430559465854,"PHL",NA,NA
122.459720902683,11.5946410180675,"PHL",NA,NA
122.562340859945,11.5823917691738,"PHL",NA,NA
122.667976379943,11.582631947376,"PHL",NA,NA
122.77361189994,11.5828721255782,"PHL",NA,NA
122.879247419937,11.5831123037804,"PHL",NA,NA
122.984882939935,11.5833524819825,"PHL",NA,NA
123.090518459932,11.5835926601847,"PHL",NA,NA
123.116697481687,11.5078040942771,"PHL",NA,NA
123.111802217887,11.4022817878059,"PHL",NA,NA
123.106906954087,11.2967594813346,"PHL",NA,NA
123.102011690287,11.1912371748634,"PHL",NA,NA
123.041646603646,11.1116629971928,"PHL",NA,NA
122.963784675891,11.0402736354022,"PHL",NA,NA
122.885922748135,10.9688842736116,"PHL",NA,NA
122.808060820379,10.897494911821,"PHL",NA,NA
122.730198892624,10.8261055500304,"PHL",NA,NA
122.652336964868,10.7547161882398,"PHL",NA,NA
122.560150524743,10.7046348317094,"PHL",NA,NA
122.464651682449,10.6594807411831,"PHL",NA,NA
122.369152840156,10.6143266506568,"PHL",NA,NA
122.273653997862,10.5691725601305,"PHL",NA,NA
122.178155155569,10.5240184696042,"PHL",NA,NA
122.082656313275,10.4788643790779,"PHL",NA,NA
122.001317587314,10.4580609091384,"PHL",NA,NA
121.993328565363,10.5633941721608,"PHL",NA,NA
121.985339543412,10.6687274351832,"PHL",NA,NA
121.977350521461,10.7740606982057,"PHL",NA,NA
121.969361499511,10.8793939612281,"PHL",NA,NA
121.978293597663,10.9841974807511,"PHL",NA,NA
121.992855779179,11.0888247412531,"PHL",NA,NA
122.007417960696,11.1934520017552,"PHL",NA,NA
122.021980142212,11.2980792622572,"PHL",NA,NA
122.036542323728,11.4027065227593,"PHL",NA,NA
125.521203865699,12.0885441418735,"PHL",NA,NA
125.569445977091,11.8967606681312,"PHL",NA,NA
125.617688088483,11.7049771943889,"PHL",NA,NA
125.665930199875,11.5131937206466,"PHL",NA,NA
125.714172311267,11.3214102469043,"PHL",NA,NA
125.762414422659,11.129626773162,"PHL",NA,NA
125.677804307086,11.0824636232156,"PHL",NA,NA
125.490794255583,11.1467710314148,"PHL",NA,NA
125.303784204081,11.2110784396139,"PHL",NA,NA
125.116774152578,11.2753858478131,"PHL",NA,NA
125.0172751312,11.224782584098,"PHL",NA,NA
125.029552282348,11.0274061071006,"PHL",NA,NA
125.086601637246,10.8400326629319,"PHL",NA,NA
125.159494680398,10.6561990251713,"PHL",NA,NA
125.23238772355,10.4723653874107,"PHL",NA,NA
125.209141258489,10.3265459174457,"PHL",NA,NA
125.030237686638,10.242274249067,"PHL",NA,NA
124.851334114788,10.1580025806882,"PHL",NA,NA
124.793364007167,10.2774535361972,"PHL",NA,NA
124.781673035517,10.4748656009098,"PHL",NA,NA
124.769982063866,10.6722776656224,"PHL",NA,NA
124.728880036512,10.8433923722813,"PHL",NA,NA
124.53400037353,10.8770096158956,"PHL",NA,NA
124.428616447882,11.0078042551413,"PHL",NA,NA
124.379101257254,11.1992629922345,"PHL",NA,NA
124.329586066627,11.3907217293278,"PHL",NA,NA
124.391374255529,11.483324238878,"PHL",NA,NA
124.587339252815,11.4567550471139,"PHL",NA,NA
124.783304250101,11.4301858553498,"PHL",NA,NA
124.887951207181,11.5045938695606,"PHL",NA,NA
124.881153207103,11.7022349313549,"PHL",NA,NA
124.811905245699,11.8767460646626,"PHL",NA,NA
124.68832097531,12.0311323665959,"PHL",NA,NA
124.564736704921,12.1855186685293,"PHL",NA,NA
124.441152434532,12.3399049704626,"PHL",NA,NA
124.317568164143,12.4942912723959,"PHL",NA,NA
124.383188644014,12.5550889466496,"PHL",NA,NA
124.580894523639,12.5505516265,"PHL",NA,NA
124.778600403263,12.5460143063505,"PHL",NA,NA
124.976306282888,12.5414769862009,"PHL",NA,NA
125.174012162512,12.5369396660513,"PHL",NA,NA
125.313032487941,12.4193633710578,"PHL",NA,NA
125.43050087451,12.260274149961,"PHL",NA,NA
-8.77475720565647,37.5045477750337,"PRT",NA,NA
-8.76667198837371,37.5459667348824,"PRT",NA,NA
-8.75858677109095,37.5873856947311,"PRT",NA,NA
-8.75050155380819,37.6288046545799,"PRT",NA,NA
-8.74900492056197,37.6703595235526,"PRT",NA,NA
-8.75537520858541,37.7120766711536,"PRT",NA,NA
-8.76174549660885,37.7537938187545,"PRT",NA,NA
-8.76811578463229,37.7955109663554,"PRT",NA,NA
-8.77448607265572,37.8372281139564,"PRT",NA,NA
-8.78085636067916,37.8789452615573,"PRT",NA,NA
-8.7872266487026,37.9206624091582,"PRT",NA,NA
-8.79359693672604,37.9623795567592,"PRT",NA,NA
-8.79996722474948,38.0040967043601,"PRT",NA,NA
-8.80633751277291,38.0458138519611,"PRT",NA,NA
-8.81270780079635,38.087530999562,"PRT",NA,NA
-8.81907808881979,38.1292481471629,"PRT",NA,NA
-8.82544837684323,38.1709652947639,"PRT",NA,NA
-8.83181866486667,38.2126824423648,"PRT",NA,NA
-8.83818895289011,38.2543995899657,"PRT",NA,NA
-8.86959482151641,38.2723446966635,"PRT",NA,NA
-8.91092647993518,38.2808649657798,"PRT",NA,NA
-8.95225813835397,38.289385234896,"PRT",NA,NA
-8.99358979677274,38.2979055040123,"PRT",NA,NA
-9.03492145519152,38.3064257731285,"PRT",NA,NA
-9.0762531136103,38.3149460422447,"PRT",NA,NA
-9.11758477202908,38.323466311361,"PRT",NA,NA
-9.15891643044786,38.3319865804772,"PRT",NA,NA
-9.20024808886664,38.3405068495935,"PRT",NA,NA
-9.24157974728542,38.3490271187097,"PRT",NA,NA
-9.2829114057042,38.3575473878259,"PRT",NA,NA
-9.30750308043979,38.3902447191729,"PRT",NA,NA
-9.33002276981658,38.4259345575563,"PRT",NA,NA
-9.35254245919336,38.4616243959397,"PRT",NA,NA
-9.37506214857015,38.4973142343231,"PRT",NA,NA
-9.39758183794693,38.5330040727065,"PRT",NA,NA
-9.42010152732372,38.5686939110899,"PRT",NA,NA
-9.4426212167005,38.6043837494733,"PRT",NA,NA
-9.46514090607728,38.6400735878567,"PRT",NA,NA
-9.48766059545407,38.6757634262401,"PRT",NA,NA
-9.51018028483085,38.7114532646235,"PRT",NA,NA
-9.52518448515815,38.7488312806731,"PRT",NA,NA
-9.52009179845417,38.7907235892225,"PRT",NA,NA
-9.51499911175019,38.8326158977719,"PRT",NA,NA
-9.50990642504621,38.8745082063212,"PRT",NA,NA
-9.50481373834223,38.9164005148706,"PRT",NA,NA
-9.49972105163826,38.9582928234199,"PRT",NA,NA
-9.49462836493428,39.0001851319693,"PRT",NA,NA
-9.4895356782303,39.0420774405187,"PRT",NA,NA
-9.48444299152632,39.083969749068,"PRT",NA,NA
-9.47935030482234,39.1258620576174,"PRT",NA,NA
-9.47425761811836,39.1677543661667,"PRT",NA,NA
-9.46916493141438,39.2096466747161,"PRT",NA,NA
-9.4640722447104,39.2515389832655,"PRT",NA,NA
-9.45897955800642,39.2934312918148,"PRT",NA,NA
-9.45388687130244,39.3353236003642,"PRT",NA,NA
-9.44879418459846,39.3772159089135,"PRT",NA,NA
-9.42684684959897,39.4104067694267,"PRT",NA,NA
-9.39564373007327,39.4388192016585,"PRT",NA,NA
-9.36444061054756,39.4672316338903,"PRT",NA,NA
-9.33323749102186,39.495644066122,"PRT",NA,NA
-9.30203437149616,39.5240564983538,"PRT",NA,NA
-9.27083125197046,39.5524689305855,"PRT",NA,NA
-9.23962813244476,39.5808813628173,"PRT",NA,NA
-9.20842501291905,39.6092937950491,"PRT",NA,NA
-9.17722189339335,39.6377062272808,"PRT",NA,NA
-9.14601877386765,39.6661186595126,"PRT",NA,NA
-9.11481565434195,39.6945310917444,"PRT",NA,NA
-9.08361253481625,39.7229435239761,"PRT",NA,NA
-9.05240941529055,39.7513559562079,"PRT",NA,NA
-9.04196890189416,39.7911911943507,"PRT",NA,NA
-9.03467293097603,39.8327564416352,"PRT",NA,NA
-9.0273769600579,39.8743216889197,"PRT",NA,NA
-9.02008098913977,39.9158869362042,"PRT",NA,NA
-9.01278501822164,39.9574521834887,"PRT",NA,NA
-9.00548904730351,39.9990174307732,"PRT",NA,NA
-8.99819307638538,40.0405826780577,"PRT",NA,NA
-8.99089710546725,40.0821479253422,"PRT",NA,NA
-8.98360113454912,40.1237131726267,"PRT",NA,NA
-8.97536563032803,40.1650346254992,"PRT",NA,NA
-8.96153079553784,40.2049031383858,"PRT",NA,NA
-8.94769596074765,40.2447716512724,"PRT",NA,NA
-8.93386112595746,40.2846401641589,"PRT",NA,NA
-8.92002629116727,40.3245086770455,"PRT",NA,NA
-8.90619145637708,40.3643771899321,"PRT",NA,NA
-8.89235662158689,40.4042457028187,"PRT",NA,NA
-8.87852178679671,40.4441142157053,"PRT",NA,NA
-8.86468695200652,40.4839827285919,"PRT",NA,NA
-8.85085211721633,40.5238512414785,"PRT",NA,NA
-8.83701728242614,40.563719754365,"PRT",NA,NA
-8.82318244763595,40.6035882672516,"PRT",NA,NA
-8.80934761284576,40.6434567801382,"PRT",NA,NA
-8.79551277805557,40.6833252930248,"PRT",NA,NA
-8.78167794326538,40.7231938059114,"PRT",NA,NA
-8.76881808136973,40.7632005761445,"PRT",NA,NA
-8.77102315253494,40.8053436495329,"PRT",NA,NA
-8.77322822370016,40.8474867229212,"PRT",NA,NA
-8.77543329486537,40.8896297963096,"PRT",NA,NA
-8.77763836603059,40.9317728696979,"PRT",NA,NA
-8.7798434371958,40.9739159430863,"PRT",NA,NA
-8.78204850836102,41.0160590164746,"PRT",NA,NA
-8.78425357952623,41.058202089863,"PRT",NA,NA
-8.78645865069145,41.1003451632513,"PRT",NA,NA
-8.78866372185666,41.1424882366397,"PRT",NA,NA
-8.79099804933433,41.1845941227952,"PRT",NA,NA
-8.81152563391634,41.2214657818939,"PRT",NA,NA
-8.83205321849836,41.2583374409925,"PRT",NA,NA
-8.85258080308037,41.2952091000912,"PRT",NA,NA
-8.87310838766239,41.3320807591899,"PRT",NA,NA
-8.89363597224441,41.3689524182885,"PRT",NA,NA
-8.91416355682642,41.4058240773872,"PRT",NA,NA
-8.93469114140844,41.4426957364858,"PRT",NA,NA
-8.95521872599045,41.4795673955845,"PRT",NA,NA
40.0361493727994,20.2729367223481,"SAU",NA,NA
103.656364255186,1.30628486064606,"SGP",NA,NA
103.659534086279,1.30551066226665,"SGP",NA,NA
103.662703917373,1.30473646388725,"SGP",NA,NA
103.665890590222,1.30411955376741,"SGP",NA,NA
103.669152476031,1.30420507137964,"SGP",NA,NA
103.67241436184,1.30429058899187,"SGP",NA,NA
103.675676247649,1.3043761066041,"SGP",NA,NA
103.678938133458,1.30446162421633,"SGP",NA,NA
103.682200019267,1.30454714182856,"SGP",NA,NA
103.685461905077,1.30463265944079,"SGP",NA,NA
103.688723790886,1.30471817705302,"SGP",NA,NA
103.691985676695,1.30480369466526,"SGP",NA,NA
103.695247562504,1.30488921227749,"SGP",NA,NA
103.698509448313,1.30497472988972,"SGP",NA,NA
103.701771334122,1.30506024750195,"SGP",NA,NA
103.705033219931,1.30514576511418,"SGP",NA,NA
103.70829510574,1.30523128272641,"SGP",NA,NA
103.711541617622,1.30494080908335,"SGP",NA,NA
103.71478563265,1.30458927132715,"SGP",NA,NA
103.718029647677,1.30423773357095,"SGP",NA,NA
103.721273662705,1.30388619581474,"SGP",NA,NA
103.724517677733,1.30353465805854,"SGP",NA,NA
103.72776169276,1.30318312030234,"SGP",NA,NA
103.730988360806,1.30272953638243,"SGP",NA,NA
103.734166316285,1.30198939364501,"SGP",NA,NA
103.737344271763,1.30124925090759,"SGP",NA,NA
103.740522227241,1.30050910817017,"SGP",NA,NA
103.743700182719,1.29976896543275,"SGP",NA,NA
103.746878138198,1.29902882269533,"SGP",NA,NA
103.750056093676,1.29828867995791,"SGP",NA,NA
103.753234049154,1.29754853722049,"SGP",NA,NA
103.756326898448,1.2965595163067,"SGP",NA,NA
103.759292632123,1.29519876796005,"SGP",NA,NA
103.762258365798,1.29383801961341,"SGP",NA,NA
103.765224099473,1.29247727126676,"SGP",NA,NA
103.768189833148,1.29111652292011,"SGP",NA,NA
103.771155566823,1.28975577457347,"SGP",NA,NA
103.774121300498,1.28839502622682,"SGP",NA,NA
103.77658632676,1.28646551547758,"SGP",NA,NA
103.778312022002,1.28369618555444,"SGP",NA,NA
103.780037717245,1.28092685563129,"SGP",NA,NA
103.781763412488,1.27815752570815,"SGP",NA,NA
103.78348910773,1.27538819578501,"SGP",NA,NA
103.785394707432,1.27275085019416,"SGP",NA,NA
103.787518244035,1.27027339089294,"SGP",NA,NA
103.7896810347,1.26785899744168,"SGP",NA,NA
103.792841527676,1.26704751950475,"SGP",NA,NA
103.796002020652,1.26623604156783,"SGP",NA,NA
103.799162513628,1.2654245636309,"SGP",NA,NA
103.83614824018,1.26584749432126,"SGP",NA,NA
103.839358554619,1.26646868524896,"SGP",NA,NA
103.842375923127,1.26776521077077,"SGP",NA,NA
103.844996937343,1.26959303120304,"SGP",NA,NA
103.847123150093,1.27209345572175,"SGP",NA,NA
103.849528530097,1.27432944279167,"SGP",NA,NA
103.851933910102,1.27656542986158,"SGP",NA,NA
103.854545021573,1.2785442380286,"SGP",NA,NA
103.857254585189,1.28039997404326,"SGP",NA,NA
103.859964148804,1.28225571005792,"SGP",NA,NA
103.86267371242,1.28411144607258,"SGP",NA,NA
103.865383276035,1.28596718208724,"SGP",NA,NA
103.868092839651,1.2878229181019,"SGP",NA,NA
103.870802403267,1.28967865411656,"SGP",NA,NA
103.873511966882,1.29153439013123,"SGP",NA,NA
103.876221530498,1.29339012614589,"SGP",NA,NA
103.878931094113,1.29524586216055,"SGP",NA,NA
103.881640657729,1.29710159817521,"SGP",NA,NA
103.884350221345,1.29895733418987,"SGP",NA,NA
103.88705978496,1.30081307020453,"SGP",NA,NA
103.890041198816,1.3021507892762,"SGP",NA,NA
103.8931077398,1.30332629662746,"SGP",NA,NA
103.896174280785,1.30450180397871,"SGP",NA,NA
103.89924082177,1.30567731132997,"SGP",NA,NA
103.902307362754,1.30685281868122,"SGP",NA,NA
103.905373903739,1.30802832603247,"SGP",NA,NA
103.908518018056,1.30888419135711,"SGP",NA,NA
103.911782255201,1.30924508885322,"SGP",NA,NA
103.915046492347,1.30960598634932,"SGP",NA,NA
103.918310729492,1.30996688384543,"SGP",NA,NA
103.921574966637,1.31032778134154,"SGP",NA,NA
103.924839203782,1.31068867883764,"SGP",NA,NA
103.928103440928,1.31104957633375,"SGP",NA,NA
103.931367678073,1.31141047382985,"SGP",NA,NA
103.934535875023,1.31224852870771,"SGP",NA,NA
103.937685552028,1.31317859639764,"SGP",NA,NA
103.940835229033,1.31410866408757,"SGP",NA,NA
103.943984906037,1.3150387317775,"SGP",NA,NA
103.947134583042,1.31596879946742,"SGP",NA,NA
103.950284260047,1.31689886715735,"SGP",NA,NA
103.953433937052,1.31782893484728,"SGP",NA,NA
103.956171892706,1.31954944253858,"SGP",NA,NA
103.958739344413,1.32159729089025,"SGP",NA,NA
103.961306796121,1.32364513924192,"SGP",NA,NA
103.963874247829,1.32569298759358,"SGP",NA,NA
103.966441699537,1.32774083594525,"SGP",NA,NA
103.969009151244,1.32978868429691,"SGP",NA,NA
103.971576602952,1.33183653264858,"SGP",NA,NA
103.97414405466,1.33388438100025,"SGP",NA,NA
103.976374428916,1.33627614434234,"SGP",NA,NA
103.978473416467,1.33880195953772,"SGP",NA,NA
103.980572404019,1.3413277747331,"SGP",NA,NA
103.982671391571,1.34385358992848,"SGP",NA,NA
103.984770379122,1.34637940512386,"SGP",NA,NA
103.986869366674,1.34890522031924,"SGP",NA,NA
103.988968354225,1.35143103551462,"SGP",NA,NA
103.991067341777,1.35395685070999,"SGP",NA,NA
103.992914580499,1.35666127251094,"SGP",NA,NA
103.994605125281,1.35947686294386,"SGP",NA,NA
103.996295670062,1.36229245337678,"SGP",NA,NA
11.0438813426905,35.5173124151816,"TUN",NA,NA
11.0206679474337,35.5415030133624,"TUN",NA,NA
11.0124633811682,35.5749952496779,"TUN",NA,NA
11.0237017847239,35.6044039585752,"TUN",NA,NA
11.0472981950324,35.6272834058678,"TUN",NA,NA
11.0254272818894,35.6485530976782,"TUN",NA,NA
10.9972602926074,35.6565244603552,"TUN",NA,NA
10.9664760553479,35.655845542858,"TUN",NA,NA
10.9367942651129,35.6653363811593,"TUN",NA,NA
10.907112474878,35.6748272194606,"TUN",NA,NA
10.87752170048,35.6845744119169,"TUN",NA,NA
10.848500371097,35.6959254966252,"TUN",NA,NA
10.828416136277,35.7178478307413,"TUN",NA,NA
10.8287815363207,35.7479182853022,"TUN",NA,NA
10.8348084283235,35.7715670594716,"TUN",NA,NA
10.8077930497042,35.7861446518123,"TUN",NA,NA
10.7777559550118,35.7794756476415,"TUN",NA,NA
10.747804419303,35.7708738924775,"TUN",NA,NA
10.7180367965857,35.7776847509301,"TUN",NA,NA
10.6899101760893,35.7907085656605,"TUN",NA,NA
120.148697418238,23.3967752085055,"TWN",NA,NA
120.14508600806,23.3914351227128,"TWN",NA,NA
120.133449241932,23.3794651828729,"TWN",NA,NA
120.129235930057,23.3717301851705,"TWN",NA,NA
120.110072917977,23.3288152023202,"TWN",NA,NA
120.105609722356,23.3098985441531,"TWN",NA,NA
120.094623394674,23.2862489368698,"TWN",NA,NA
120.087413617133,23.2480853803048,"TWN",NA,NA
120.034073916705,23.0983518357519,"TWN",NA,NA
120.032383867244,23.0868475775756,"TWN",NA,NA
120.194803351245,22.8412971213572,"TWN",NA,NA
120.197034949055,22.8360764110483,"TWN",NA,NA
120.197378271795,22.8238939746705,"TWN",NA,NA
120.199609869605,22.8087039556826,"TWN",NA,NA
120.485944647028,22.4270070047967,"TWN",NA,NA
120.489342274938,22.4244944597918,"TWN",NA,NA
120.498176107503,22.4191551506899,"TWN",NA,NA
120.50893526255,22.4139203346384,"TWN",NA,NA
120.515277501314,22.4111981523261,"TWN",NA,NA
120.518901637751,22.4086853213116,"TWN",NA,NA
121.137598617066,22.7297481624486,"TWN",NA,NA
121.143884139481,22.7347892641364,"TWN",NA,NA
121.149759736521,22.7399562004944,"TWN",NA,NA
121.151672721604,22.7409643604294,"TWN",NA,NA
121.15631854252,22.7462570780963,"TWN",NA,NA
121.162467423144,22.7496594312169,"TWN",NA,NA
121.372485159962,23.0944483524098,"TWN",NA,NA
121.386122146707,23.1006738045895,"TWN",NA,NA
121.394506368187,23.1107082544416,"TWN",NA,NA
121.409759590398,23.1184194053689,"TWN",NA,NA
121.408648428516,23.1271519810583,"TWN",NA,NA
121.400264207035,23.1366271116448,"TWN",NA,NA
121.833772709591,24.7183985991564,"TWN",NA,NA
121.832924948933,24.7227623303515,"TWN",NA,NA
121.839612838571,24.7123233460693,"TWN",NA,NA
121.82878034127,24.7349115207976,"TWN",NA,NA
121.838105708512,24.7079592489128,"TWN",NA,NA
121.838294099769,24.7025680942023,"TWN",NA,NA
121.875090351894,24.5956192986014,"TWN",NA,NA
121.874056210716,24.5914661875489,"TWN",NA,NA
121.843093426444,24.4664703145552,"TWN",NA,NA
121.802924665857,24.4339667805425,"TWN",NA,NA
120.128032126665,23.3660207307145,"TWN",NA,NA
120.115994092738,23.3441015101373,"TWN",NA,NA
120.058748638834,23.1190259313036,"TWN",NA,NA
120.075311123551,23.1243105274542,"TWN",NA,NA
120.081226296664,23.1300611750039,"TWN",NA,NA
120.514108968202,22.4128375086702,"TWN",NA,NA
120.361518692894,22.5060215233288,"TWN",NA,NA
120.371990036466,22.4957129500552,"TWN",NA,NA
120.385036300588,22.4892102241352,"TWN",NA,NA
120.402202437591,22.478900398348,"TWN",NA,NA
120.162658493153,22.9635781734818,"TWN",NA,NA
120.164503852881,22.9589153899736,"TWN",NA,NA
120.164203445483,22.9587968425346,"TWN",NA,NA
120.166306297266,22.9588758741722,"TWN",NA,NA
120.164804260278,22.9627088531563,"TWN",NA,NA
120.174699820027,22.9104902546689,"TWN",NA,NA
120.176588095097,22.9000539515591,"TWN",NA,NA
120.182081258938,22.8877191034694,"TWN",NA,NA
120.186372793189,22.8747504902042,"TWN",NA,NA
120.186887777299,22.8573516249369,"TWN",NA,NA
120.074055734395,23.0337848809947,"TWN",NA,NA
120.099461617159,23.0198823156683,"TWN",NA,NA
120.142681356944,22.9908942657016,"TWN",NA,NA
120.158474202987,22.96924299813,"TWN",NA,NA
