"lon","lat","iso3c","data_quality","rgn_production","subregion"
19.474311,40.330672,"ALB",4,NA,NA
56.3402143307762,25.6047159259181,"ARE",5,NA,NA
135.908111,-34.715778,"AUS",2,NA,NA
135.99175,-34.58175,"AUS",2,NA,NA
135.961653,-34.736756,"AUS",2,NA,NA
135.904928,-34.712928,"AUS",2,NA,NA
136.645933,-33.931042,"AUS",2,NA,NA
-84.2091018991795,9.42347837379457,"CRI",2,NA,NA
27.2360789998013,31.3604004957649,"EGY",2,5,"Mersa Matruh"
29.8110956998168,31.1502394117164,"EGY",2,1521,"Alexandria"
30.2259353326603,31.3190362582841,"EGY",2,20376,"Behira"
31.4278324391214,31.4913066798246,"EGY",2,5460,"Dakahlia"
31.8493527833738,31.5261912847382,"EGY",2,55551,"Damietta"
32.3019058429197,31.275726202442,"EGY",2,16233,"Port Said"
32.5462714583949,29.944394112058,"EGY",2,750,"Suez"
34.2938767135585,27.8063201222852,"EGY",2,30,"South Sinai"
-6.17444279999995,36.4411949990001,"ESP",5,NA,NA
-6.24600599999997,36.4648182990001,"ESP",5,NA,NA
-6.16762589999996,36.4890496990001,"ESP",5,NA,NA
-6.19739029999994,36.389626799,"ESP",5,NA,NA
-6.18603489999998,36.4251149990001,"ESP",5,NA,NA
-6.21758759999994,36.421061799,"ESP",5,NA,NA
-6.18493589999997,36.3865286990001,"ESP",5,NA,NA
-6.22447359999995,36.427432299,"ESP",5,NA,NA
-6.16823399999993,36.4458954990001,"ESP",5,NA,NA
-6.19740869999993,36.453227999,"ESP",5,NA,NA
-6.20939509999994,36.438743699,"ESP",5,NA,NA
-7.42326109999993,43.689399699,"ESP",5,NA,NA
-8.40963879999993,43.383594799,"ESP",5,NA,NA
-8.82176969999995,42.4721224990001,"ESP",5,NA,NA
-7.42436079999993,43.6886315990001,"ESP",5,NA,NA
-9.03775029999997,42.5364036990001,"ESP",5,NA,NA
-9.20993209999995,43.155541199,"ESP",5,NA,NA
-9.14653779999998,42.8037287990001,"ESP",5,NA,NA
-9.18219919999996,43.102702999,"ESP",5,NA,NA
-6.19533659999996,36.4488112990001,"ESP",5,NA,NA
-6.18914729999995,36.4427001990001,"ESP",5,NA,NA
-6.22779849999995,36.517533599,"ESP",5,NA,NA
-4.35843859999994,36.7056555990001,"ESP",5,NA,NA
-2.53747929999997,36.8159300990001,"ESP",5,NA,NA
-6.33989809999997,36.842234299,"ESP",5,NA,NA
-7.41571829999998,37.244737199,"ESP",5,NA,NA
-7.15809899999994,37.2197416990001,"ESP",5,NA,NA
-7.13512819999994,37.2240313990001,"ESP",5,NA,NA
-7.33195009999997,37.2171555990001,"ESP",5,NA,NA
-7.15553809999994,37.221144499,"ESP",5,NA,NA
-7.15783129999994,37.2179995990001,"ESP",5,NA,NA
-7.16202239999996,37.219577099,"ESP",5,NA,NA
-7.15844819999995,37.2405937990001,"ESP",5,NA,NA
1.74176740000007,41.2036801990001,"ESP",5,NA,NA
3.17305550000003,42.244717499,"ESP",5,NA,NA
3.11171560000003,42.1724366990001,"ESP",5,NA,NA
0.689968600000043,40.600389899,"ESP",5,NA,NA
3.16910280000008,42.2578994990001,"ESP",5,NA,NA
0.801944400000025,40.8819033990001,"ESP",5,NA,NA
-8.96166699999998,42.5732191990001,"ESP",5,NA,NA
-9.14751089999993,42.801494199,"ESP",5,NA,NA
-0.69666669999998,37.8183332990001,"ESP",5,NA,NA
-0.678333299999963,37.808333299,"ESP",5,NA,NA
-1.53749999999997,37.414499999,"ESP",5,NA,NA
-1.16804049999996,38.0242653990001,"ESP",5,NA,NA
-0.671861099999944,37.8331666990001,"ESP",5,NA,NA
-0.67752779999995,37.832999999,"ESP",5,NA,NA
-0.681961099999967,37.7934638990001,"ESP",5,NA,NA
-0.683222199999932,37.8331110990001,"ESP",5,NA,NA
-0.0671239999999784,39.8641636990001,"ESP",5,NA,NA
-0.207844199999954,39.652903999,"ESP",5,NA,NA
-0.20801709999995,39.6525961990001,"ESP",5,NA,NA
-0.0313944999999762,38.571109499,"ESP",5,NA,NA
-0.347779099999968,38.4199973990001,"ESP",5,NA,NA
-0.597594899999933,38.086876799,"ESP",5,NA,NA
-0.201947099999927,38.498887499,"ESP",5,NA,NA
-0.595998299999962,38.100810499,"ESP",5,NA,NA
-0.0339782999999443,39.8949651990001,"ESP",5,NA,NA
0.16624760000002,40.1389462990001,"ESP",5,NA,NA
-0.0691942999999355,39.8656840990001,"ESP",5,NA,NA
-0.644982099999936,38.112940199,"ESP",5,NA,NA
-6.14968969999995,36.4766772990001,"ESP",5,NA,NA
-2.01453189999995,36.8311973990001,"ESP",5,NA,NA
-1.90083169999997,36.9827933990001,"ESP",5,NA,NA
-5.43129219999997,36.1585785990001,"ESP",5,NA,NA
-6.22050659999996,36.429301299,"ESP",5,NA,NA
-5.89794539999997,36.200248699,"ESP",5,NA,NA
-7.39045619999996,37.2079970990001,"ESP",5,NA,NA
-7.13897429999997,37.2418512990001,"ESP",5,NA,NA
-1.89410879999997,36.982267999,"ESP",5,NA,NA
-4.56119779999995,36.5674400990001,"ESP",5,NA,NA
-3.43322149999995,36.6987974990001,"ESP",5,NA,NA
-6.99140179999995,37.2079424990001,"ESP",5,NA,NA
-5.88739739999994,36.193278499,"ESP",5,NA,NA
-6.20323299999995,36.3965070990001,"ESP",5,NA,NA
-5.89228509999998,36.1833179990001,"ESP",5,NA,NA
-6.19666429999995,36.5773553990001,"ESP",5,NA,NA
-6.15373999999997,36.4965789990001,"ESP",5,NA,NA
-6.22027449999996,36.2933887990001,"ESP",5,NA,NA
-6.23874549999994,37.0131406990001,"ESP",5,NA,NA
-3.60982199999995,36.741193599,"ESP",5,NA,NA
-7.15174579999996,37.218744799,"ESP",5,NA,NA
-6.18512969999995,36.4740369990001,"ESP",5,NA,NA
-1.90077069999995,36.9821494990001,"ESP",5,NA,NA
-1.74676369999997,37.225917199,"ESP",5,NA,NA
-7.37460759999993,37.2130405990001,"ESP",5,NA,NA
-6.16523289999998,36.5201569990001,"ESP",5,NA,NA
-6.15608099999997,36.4880985990001,"ESP",5,NA,NA
-6.21318519999994,36.464040099,"ESP",5,NA,NA
-6.15399049999996,36.4918999990001,"ESP",5,NA,NA
-6.15637519999996,36.4716724990001,"ESP",5,NA,NA
-6.16349279999997,36.491186699,"ESP",5,NA,NA
-6.16685329999996,36.512281199,"ESP",5,NA,NA
-6.18093289999996,36.4508398990001,"ESP",5,NA,NA
-6.15275109999993,36.4778403990001,"ESP",5,NA,NA
-6.16060309999995,36.482938699,"ESP",5,NA,NA
-6.17289429999994,36.5029024990001,"ESP",5,NA,NA
-6.17876569999993,36.448401699,"ESP",5,NA,NA
-6.20535949999993,36.520369099,"ESP",5,NA,NA
-6.18634099999997,36.4461012990001,"ESP",5,NA,NA
-6.17704789999993,36.468000799,"ESP",5,NA,NA
-6.16368409999995,36.4851265990001,"ESP",5,NA,NA
-6.15930219999996,36.518045699,"ESP",5,NA,NA
-6.15855189999996,36.5109876990001,"ESP",5,NA,NA
-6.14830699999993,36.5075702990001,"ESP",5,NA,NA
-6.14520919999995,36.495324899,"ESP",5,NA,NA
-6.15560029999995,36.4541938990001,"ESP",5,NA,NA
2.70049400000005,39.5449748990001,"ESP",5,NA,NA
-16.3535792,28.378666099,"ESP",5,NA,NA
-16.8456037999999,28.261422699,"ESP",5,NA,NA
-4.26310679999995,43.3928412990001,"ESP",5,NA,NA
-9.03752129999998,42.5199590990001,"ESP",5,NA,NA
-8.88937109999995,42.4858606990001,"ESP",5,NA,NA
-8.82146259999996,42.520231499,"ESP",5,NA,NA
-7.48040749999996,43.709261999,"ESP",5,NA,NA
-8.86073149999993,42.4734372990001,"ESP",5,NA,NA
-8.89278649999994,42.087437999,"ESP",5,NA,NA
-8.66980369999993,42.2727513990001,"ESP",5,NA,NA
-8.82867069999998,42.2518529990001,"ESP",5,NA,NA
-8.19182389999997,43.610763999,"ESP",5,NA,NA
-9.05449509999994,42.607137299,"ESP",5,NA,NA
-6.17636369999997,36.457345199,"ESP",5,NA,NA
-6.15395779999994,36.507681199,"ESP",5,NA,NA
-6.15826339999995,36.507332499,"ESP",5,NA,NA
-6.19123989999997,36.4614660990001,"ESP",5,NA,NA
-6.21706479999995,36.4124452990001,"ESP",5,NA,NA
-7.34632679999993,37.2156073990001,"ESP",5,NA,NA
-6.17007299999995,36.4643609990001,"ESP",5,NA,NA
-6.16260029999995,36.5097163990001,"ESP",5,NA,NA
-6.22731819999996,36.5109796990001,"ESP",5,NA,NA
-6.15083599999997,36.445062299,"ESP",5,NA,NA
-6.18566009999995,36.4542767990001,"ESP",5,NA,NA
-6.14697889999997,36.467285399,"ESP",5,NA,NA
-6.16009349999996,36.4691079990001,"ESP",5,NA,NA
-6.16073279999995,36.495220499,"ESP",5,NA,NA
-6.18164259999998,36.468229799,"ESP",5,NA,NA
-6.14474159999997,36.4623111990001,"ESP",5,NA,NA
-6.15257649999995,36.484393599,"ESP",5,NA,NA
-6.17695569999995,36.473447999,"ESP",5,NA,NA
-6.15138939999997,36.4943133990001,"ESP",5,NA,NA
-6.19728299999997,36.4560501990001,"ESP",5,NA,NA
-6.17190079999995,36.507756699,"ESP",5,NA,NA
-6.16097459999997,36.514630299,"ESP",5,NA,NA
-6.27529909999993,36.9006211990001,"ESP",5,NA,NA
-6.28836189999993,36.903190099,"ESP",5,NA,NA
-6.15722349999993,36.4810159990001,"ESP",5,NA,NA
-7.15822969999994,37.2399913990001,"ESP",5,NA,NA
-6.21278249999995,36.5218232990001,"ESP",5,NA,NA
-6.15068109999993,36.5027135990001,"ESP",5,NA,NA
-6.14827909999997,36.4357957990001,"ESP",5,NA,NA
-6.18822609999995,36.4334831990001,"ESP",5,NA,NA
-5.89494109999993,36.1895936990001,"ESP",5,NA,NA
0.68997980000006,40.6004081990001,"ESP",5,NA,NA
0.572925600000076,40.608230199,"ESP",5,NA,NA
0.65453640000004,40.5991079990001,"ESP",5,NA,NA
-0.592891499999951,38.125976499,"ESP",5,NA,NA
0.00749320000005582,38.6133290990001,"ESP",5,NA,NA
0.0358358000000294,38.616843999,"ESP",5,NA,NA
-6.18159679999997,36.4292991990001,"ESP",5,NA,NA
-6.15978929999994,36.427090299,"ESP",5,NA,NA
-6.14721959999997,36.477245899,"ESP",5,NA,NA
-6.18904209999994,36.4106219990001,"ESP",5,NA,NA
23.087777778,38.6650000000001,"GRC",5,NA,NA
23.1766666670001,37.775833333,"GRC",5,NA,NA
20.1605555560001,39.5237333330001,"GRC",5,NA,NA
22.915833333,37.5025000000001,"GRC",5,NA,NA
20.857888889,38.9495277780001,"GRC",5,NA,NA
23.945555556,37.6579166670001,"GRC",5,NA,NA
20.015277778,39.6897222220001,"GRC",5,NA,NA
23.3691666670001,38.5330555560001,"GRC",5,NA,NA
23.3605555560001,38.537222222,"GRC",5,NA,NA
-6.14851329999993,36.4857031990001,"ESP",5,NA,NA
23.3083333330001,37.6111111110001,"GRC",5,NA,NA
22.8080555560001,38.2297222220001,"GRC",5,NA,NA
23.763333333,40.213888889,"GRC",5,NA,NA
21.0013888890001,38.5436111110001,"GRC",5,NA,NA
23.1116666670001,38.648611111,"GRC",5,NA,NA
23.340555556,38.6100000000001,"GRC",5,NA,NA
20.2400000000001,39.4930555560001,"GRC",5,NA,NA
22.9333333330001,37.4955555560001,"GRC",5,NA,NA
23.945277778,37.6675000000001,"GRC",5,NA,NA
20.4735000000001,38.210055556,"GRC",5,NA,NA
20.4565555560001,38.2397500000001,"GRC",5,NA,NA
20.4283333330001,38.248805556,"GRC",5,NA,NA
22.395,38.411111111,"GRC",5,NA,NA
23.420363889,37.8898083330001,"GRC",5,NA,NA
20.829166667,38.966111111,"GRC",5,NA,NA
23.9575,38.387777778,"GRC",5,NA,NA
20.7866666670001,38.966111111,"GRC",5,NA,NA
22.6783333330001,38.3385277780001,"GRC",5,NA,NA
-6.17062899999996,36.473973599,"ESP",5,NA,NA
-6.16321259999995,36.450427199,"ESP",5,NA,NA
-6.17471539999997,36.437031899,"ESP",5,NA,NA
-6.17448459999997,36.432630799,"ESP",5,NA,NA
-6.19170519999994,36.432945299,"ESP",5,NA,NA
-6.18719409999994,36.459639199,"ESP",5,NA,NA
-6.16421499999996,36.459942799,"ESP",5,NA,NA
-6.13809229999993,36.480284199,"ESP",5,NA,NA
-6.15212419999995,36.466204399,"ESP",5,NA,NA
-6.18109629999998,36.4646843990001,"ESP",5,NA,NA
-6.14211469999998,36.4688958990001,"ESP",5,NA,NA
-6.18593089999996,36.464719099,"ESP",5,NA,NA
-6.15580059999996,36.4624168990001,"ESP",5,NA,NA
-17.9682056999999,28.6565843990001,"ESP",5,NA,NA
-16.8485787,28.2642972990001,"ESP",5,NA,NA
-16.7569315,28.0821066990001,"ESP",5,NA,NA
-16.7552064,28.0805223990001,"ESP",5,NA,NA
-16.7110188,28.0326525990001,"ESP",5,NA,NA
-16.8037586,28.150763199,"ESP",5,NA,NA
-17.9659672999999,28.658437399,"ESP",5,NA,NA
-15.4406367,27.781073899,"ESP",5,NA,NA
-4.47044709999994,43.3764457990001,"ESP",5,NA,NA
-3.74375199999997,43.346836099,"ESP",5,NA,NA
27.631666667,36.2241666670001,"GRC",5,NA,NA
24.1013888890001,38.316666667,"GRC",5,NA,NA
24.5097222220001,37.1147222220001,"GRC",5,NA,NA
24.1083333330001,38.2550000000001,"GRC",5,NA,NA
24.1222222220001,38.2544444440001,"GRC",5,NA,NA
24.0563888890001,38.3183333330001,"GRC",5,NA,NA
24.0436111110001,38.321388889,"GRC",5,NA,NA
24.396388889,37.9872222220001,"GRC",5,NA,NA
24.2855555560001,38.075555556,"GRC",5,NA,NA
25.9236111110001,38.2938888890001,"GRC",5,NA,NA
24.081388889,38.3197222220001,"GRC",5,NA,NA
24.0330555560001,38.323055556,"GRC",5,NA,NA
27.156944444,37.9350000000001,"GRC",5,NA,NA
26.151666667,38.51,"GRC",5,NA,NA
26.151388889,38.470833333,"GRC",5,NA,NA
26.153055556,38.461944444,"GRC",5,NA,NA
26.1529444440001,38.4723611110001,"GRC",5,NA,NA
26.7838583330001,37.204972222,"GRC",5,NA,NA
26.9997222220001,37.465,"GRC",5,NA,NA
26.989305556,37.473611111,"GRC",5,NA,NA
24.693055556,37.9191666670001,"GRC",5,NA,NA
24.0494444440001,38.208888889,"GRC",5,NA,NA
26.535,39.026666667,"GRC",5,NA,NA
26.599444444,39.0058333330001,"GRC",5,NA,NA
26.5966666670001,39.0058333330001,"GRC",5,NA,NA
26.075833333,39.300607778,"GRC",5,NA,NA
26.5325,39.027222222,"GRC",5,NA,NA
27.032777778,36.9483333330001,"GRC",5,NA,NA
27.0411111110001,36.957777778,"GRC",5,NA,NA
27.036111111,37.9625,"GRC",5,NA,NA
24.075,38.324722222,"GRC",5,NA,NA
24.211944444,38.087777778,"GRC",5,NA,NA
27.775555556,36.2458333330001,"GRC",5,NA,NA
24.088888889,38.322777778,"GRC",5,NA,NA
26.8275,37.1163888890001,"GRC",5,NA,NA
26.778688889,37.2017388890001,"GRC",5,NA,NA
26.7980555560001,37.208333333,"GRC",5,NA,NA
26.7950000000001,37.1947222220001,"GRC",5,NA,NA
26.7930555560001,37.2,"GRC",5,NA,NA
26.770833333,37.184861111,"GRC",5,NA,NA
26.8875,37.089722222,"GRC",5,NA,NA
26.1308333330001,38.4861111110001,"GRC",5,NA,NA
27.7902777780001,36.2500000000001,"GRC",5,NA,NA
27.7719111110001,36.2590222220001,"GRC",5,NA,NA
26.1478000000001,38.491975,"GRC",5,NA,NA
26.143055556,38.4886111110001,"GRC",5,NA,NA
26.126658333,38.542161111,"GRC",5,NA,NA
26.1538055560001,38.519722222,"GRC",5,NA,NA
26.268888889,38.4855555560001,"GRC",5,NA,NA
26.279722222,38.4989972220001,"GRC",5,NA,NA
26.281388889,38.4919444440001,"GRC",5,NA,NA
24.0483333330001,38.365972222,"GRC",5,NA,NA
24.274444444,38.086388889,"GRC",5,NA,NA
26.391944444,36.6063888890001,"GRC",5,NA,NA
26.394166667,36.598611111,"GRC",5,NA,NA
26.765277778,37.1911111110001,"GRC",5,NA,NA
26.9222222220001,37.036944444,"GRC",5,NA,NA
24.1055555560001,38.263888889,"GRC",5,NA,NA
23.157777778,37.764444444,"GRC",5,NA,NA
23.1694444440001,37.706666667,"GRC",5,NA,NA
23.0619444440001,37.3887500000001,"GRC",5,NA,NA
23.961111111,37.652222222,"GRC",5,NA,NA
23.9805555560001,39.958333333,"GRC",5,NA,NA
21.027777778,38.9261111110001,"GRC",5,NA,NA
20.9222222220001,38.9475,"GRC",5,NA,NA
20.85885425,38.938573944,"GRC",5,NA,NA
20.083333333,39.6683333330001,"GRC",5,NA,NA
21.013888889,38.5552777780001,"GRC",5,NA,NA
20.8516666670001,38.940555556,"GRC",5,NA,NA
20.164722222,39.5225,"GRC",5,NA,NA
20.8583333330001,38.9400000000001,"GRC",5,NA,NA
21.093055556,38.379166667,"GRC",5,NA,NA
20.84,38.966944444,"GRC",5,NA,NA
20.7941666670001,38.9925000000001,"GRC",5,NA,NA
21.034444444,38.920388889,"GRC",5,NA,NA
21.080555556,38.4116666670001,"GRC",5,NA,NA
21.0976666670001,38.3979722220001,"GRC",5,NA,NA
23.413007694,37.893667194,"GRC",5,NA,NA
23.410833333,37.890277778,"GRC",5,NA,NA
21.094166667,38.4861111110001,"GRC",5,NA,NA
21.096944444,38.460277778,"GRC",5,NA,NA
21.07145,38.45415,"GRC",5,NA,NA
21.019497222,38.6061111110001,"GRC",5,NA,NA
23.146666667,37.7230555560001,"GRC",5,NA,NA
22.9280555560001,37.4961111110001,"GRC",5,NA,NA
23.1750000000001,37.8055555560001,"GRC",5,NA,NA
20.018333333,39.6797222220001,"GRC",5,NA,NA
21.028611111,38.4319444440001,"GRC",5,NA,NA
19.904722222,39.7933333330001,"GRC",5,NA,NA
22.9863888890001,38.9075,"GRC",5,NA,NA
20.2316666670001,39.4936111110001,"GRC",5,NA,NA
22.716944444,38.838333333,"GRC",5,NA,NA
22.711536111,38.843877778,"GRC",5,NA,NA
22.8394033060001,38.8942565,"GRC",5,NA,NA
23.4675,37.5341666670001,"GRC",5,NA,NA
22.835,38.890277778,"GRC",5,NA,NA
23.4377777780001,37.526666667,"GRC",5,NA,NA
23.4450000000001,37.526666667,"GRC",5,NA,NA
22.894722222,38.9202777780001,"GRC",5,NA,NA
22.906388889,38.9202777780001,"GRC",5,NA,NA
21.123883333,38.3097222220001,"GRC",5,NA,NA
23.347777778,38.518611111,"GRC",5,NA,NA
21.0348250000001,38.489016667,"GRC",5,NA,NA
20.034444444,39.6777777780001,"GRC",5,NA,NA
23.1333333330001,37.7275000000001,"GRC",5,NA,NA
23.16,37.715277778,"GRC",5,NA,NA
20.8080555560001,38.956111111,"GRC",5,NA,NA
20.601802778,38.4035555560001,"GRC",5,NA,NA
22.8179361110001,37.323611111,"GRC",5,NA,NA
23.3186111110001,38.5602777780001,"GRC",5,NA,NA
22.600833333,38.315391667,"GRC",5,NA,NA
22.388888889,38.3516666670001,"GRC",5,NA,NA
22.3811111110001,38.3552777780001,"GRC",5,NA,NA
22.270833333,38.343888889,"GRC",5,NA,NA
22.6047222220001,38.3122222220001,"GRC",5,NA,NA
22.391388889,38.341111111,"GRC",5,NA,NA
22.393888889,38.3619444440001,"GRC",5,NA,NA
23.1752777780001,37.713611111,"GRC",5,NA,NA
23.1761111110001,37.718333333,"GRC",5,NA,NA
22.9825000000001,38.1119722220001,"GRC",5,NA,NA
20.026388889,39.6777777780001,"GRC",5,NA,NA
20.0746,39.6634,"GRC",5,NA,NA
21.101111111,38.4576388890001,"GRC",5,NA,NA
23.1119444440001,38.637222222,"GRC",5,NA,NA
22.823611111,37.323055556,"GRC",5,NA,NA
22.9222222220001,37.4991666670001,"GRC",5,NA,NA
23.3162305560001,37.6103305560001,"GRC",5,NA,NA
20.2419444440001,39.4919444440001,"GRC",5,NA,NA
20.089166667,39.6669444440001,"GRC",5,NA,NA
23.336666667,38.6033333330001,"GRC",5,NA,NA
23.338611111,38.6022222220001,"GRC",5,NA,NA
23.1041666670001,38.65,"GRC",5,NA,NA
20.011666667,39.6861111110001,"GRC",5,NA,NA
23.325,38.5519444440001,"GRC",5,NA,NA
20.8000000000001,38.959444444,"GRC",5,NA,NA
22.790833333,38.2333333330001,"GRC",5,NA,NA
21.089166667,38.4341666670001,"GRC",5,NA,NA
20.9280555560001,38.6725000000001,"GRC",5,NA,NA
20.0575000000001,39.6819444440001,"GRC",5,NA,NA
20.8130555560001,38.9556138890001,"GRC",5,NA,NA
20.8594444440001,38.954444444,"GRC",5,NA,NA
22.958333333,38.900833333,"GRC",5,NA,NA
23.1263888890001,37.7386111110001,"GRC",5,NA,NA
23.8819444440001,40.5544444440001,"GRC",5,NA,NA
23.1375,39.0069444440001,"GRC",5,NA,NA
23.6066666670001,38.5663888890001,"GRC",5,NA,NA
20.089166667,39.6562500000001,"GRC",5,NA,NA
20.1808,39.533891667,"GRC",5,NA,NA
21.0237222220001,38.487716667,"GRC",5,NA,NA
22.1016666670001,38.3697222220001,"GRC",5,NA,NA
21.045825,38.4800805560001,"GRC",5,NA,NA
21.031347222,38.483008333,"GRC",5,NA,NA
21.053313889,38.4716611110001,"GRC",5,NA,NA
21.0671305560001,38.461366667,"GRC",5,NA,NA
21.0744861110001,38.423233333,"GRC",5,NA,NA
23.4086194440001,38.6926777780001,"GRC",5,NA,NA
22.9625750000001,38.9032777780001,"GRC",5,NA,NA
21.912105556,38.385594444,"GRC",5,NA,NA
22.1078805560001,38.3683611110001,"GRC",5,NA,NA
22.916244444,38.887075,"GRC",5,NA,NA
22.165044444,38.343086111,"GRC",5,NA,NA
22.936222222,38.891880556,"GRC",5,NA,NA
22.9478222220001,38.8987805560001,"GRC",5,NA,NA
20.775277778,38.755555556,"GRC",5,NA,NA
20.045138889,39.679861111,"GRC",5,NA,NA
21.086944444,38.4883333330001,"GRC",5,NA,NA
21.076111111,38.4827777780001,"GRC",5,NA,NA
23.0711111110001,37.350833333,"GRC",5,NA,NA
23.009166667,37.463888889,"GRC",5,NA,NA
20.8744444440001,38.6083333330001,"GRC",5,NA,NA
23.6097222220001,38.5588888890001,"GRC",5,NA,NA
23.4258333330001,38.6838888890001,"GRC",5,NA,NA
22.952777778,38.900555556,"GRC",5,NA,NA
23.1772222220001,37.7972222220001,"GRC",5,NA,NA
20.0663888890001,39.6713888890001,"GRC",5,NA,NA
22.9587500000001,39.1188888890001,"GRC",5,NA,NA
23.0455555560001,37.965833333,"GRC",5,NA,NA
21.016333333,38.6138888890001,"GRC",5,NA,NA
21.011666667,38.6158333330001,"GRC",5,NA,NA
23.016666667,37.468888889,"GRC",5,NA,NA
20.0622222220001,39.6763888890001,"GRC",5,NA,NA
23.3175000000001,38.5652777780001,"GRC",5,NA,NA
23.2536111110001,37.8200000000001,"GRC",5,NA,NA
20.7905555560001,38.964444444,"GRC",5,NA,NA
20.091944444,39.6638888890001,"GRC",5,NA,NA
20.463055556,38.2366666670001,"GRC",5,NA,NA
21.1014555560001,38.301463889,"GRC",5,NA,NA
21.1325000000001,38.330277778,"GRC",5,NA,NA
21.089444444,38.404722222,"GRC",5,NA,NA
21.103125,38.2925666670001,"GRC",5,NA,NA
21.1325000000001,38.330277778,"GRC",5,NA,NA
21.702222222,36.7515083330001,"GRC",5,NA,NA
23.4233333330001,37.9551388890001,"GRC",5,NA,NA
23.1525,37.719722222,"GRC",5,NA,NA
23.9670972220001,38.3878250000001,"GRC",5,NA,NA
21.0385694440001,38.3758777780001,"GRC",5,NA,NA
21.032236111,38.370391667,"GRC",5,NA,NA
21.081161111,38.4213750000001,"GRC",5,NA,NA
22.9202777780001,38.9200000000001,"GRC",5,NA,NA
21.0425333330001,38.3577361110001,"GRC",5,NA,NA
23.1475,37.8583333330001,"GRC",5,NA,NA
23.081666667,37.8644444440001,"GRC",5,NA,NA
23.1672222220001,37.716666667,"GRC",5,NA,NA
23.0663888890001,37.449722222,"GRC",5,NA,NA
22.9369444440001,37.4902777780001,"GRC",5,NA,NA
23.278055556,37.268055556,"GRC",5,NA,NA
23.407777778,37.9183333330001,"GRC",5,NA,NA
23.4163888890001,37.9283333330001,"GRC",5,NA,NA
23.473888889,37.5352777780001,"GRC",5,NA,NA
23.030277778,37.4761111110001,"GRC",5,NA,NA
23.0400000000001,37.4791666670001,"GRC",5,NA,NA
23.025,37.470833333,"GRC",5,NA,NA
23.4825000000001,37.5508333330001,"GRC",5,NA,NA
23.3044444440001,38.584722222,"GRC",5,NA,NA
22.9663861110001,37.091008333,"GRC",5,NA,NA
23.084166667,37.8658333330001,"GRC",5,NA,NA
23.350833333,38.5388888890001,"GRC",5,NA,NA
20.098611111,39.651111111,"GRC",5,NA,NA
23.0450000000001,37.4750000000001,"GRC",5,NA,NA
20.106630556,39.6552055560001,"GRC",5,NA,NA
20.1055555560001,39.6605555560001,"GRC",5,NA,NA
23.0477777780001,37.4625,"GRC",5,NA,NA
23.1222222220001,37.7311111110001,"GRC",5,NA,NA
22.7991666670001,37.3509722220001,"GRC",5,NA,NA
23.0502777780001,37.454166667,"GRC",5,NA,NA
22.9585666670001,37.1004055560001,"GRC",5,NA,NA
21.896111111,38.3741666670001,"GRC",5,NA,NA
23.144166667,37.8577777780001,"GRC",5,NA,NA
23.1761111110001,37.76,"GRC",5,NA,NA
23.3066666670001,38.583333333,"GRC",5,NA,NA
22.6045972220001,38.5633333330001,"GRC",5,NA,NA
20.098333333,39.662638889,"GRC",5,NA,NA
20.0722222220001,39.6713888890001,"GRC",5,NA,NA
23.2969444440001,37.969444444,"GRC",5,NA,NA
20.9222222220001,38.9475,"GRC",5,NA,NA
23.9494444440001,38.387222222,"GRC",5,NA,NA
22.952777778,38.1866666670001,"GRC",5,NA,NA
22.910277778,38.1858333330001,"GRC",5,NA,NA
22.914444444,38.1922222220001,"GRC",5,NA,NA
22.6055555560001,38.3536111110001,"GRC",5,NA,NA
23.0002777780001,38.9105555560001,"GRC",5,NA,NA
21.1130555560001,38.316666667,"GRC",5,NA,NA
22.6648888890001,39.972222222,"GRC",5,NA,NA
20.851880556,38.941013889,"GRC",5,NA,NA
20.8244444440001,38.955277778,"GRC",5,NA,NA
23.972222222,38.390555556,"GRC",5,NA,NA
23.154166667,39.1225000000001,"GRC",5,NA,NA
23.263888889,37.8087722220001,"GRC",5,NA,NA
23.1041666670001,38.649722222,"GRC",5,NA,NA
21.1205555560001,39.030833333,"GRC",5,NA,NA
21.456666667,39.0330555560001,"GRC",5,NA,NA
14.39545,35.9569333330001,"MLT",5,NA,NA
14.3963000000001,35.9569333330001,"MLT",5,NA,NA
14.3963000000001,35.9557833330001,"MLT",5,NA,NA
14.3946500000001,35.9557833330001,"MLT",5,NA,NA
14.3946500000001,35.9562666670001,"MLT",5,NA,NA
14.4034,35.964566667,"MLT",5,NA,NA
14.406683333,35.965383333,"MLT",5,NA,NA
14.4079,35.962566667,"MLT",5,NA,NA
14.4039666670001,35.9614333330001,"MLT",5,NA,NA
14.3671833330001,35.983566667,"MLT",5,NA,NA
14.368166667,35.983566667,"MLT",5,NA,NA
14.368166667,35.9831333330001,"MLT",5,NA,NA
14.3671833330001,35.9831333330001,"MLT",5,NA,NA
14.3708833330001,35.981233333,"MLT",5,NA,NA
14.37105,35.980466667,"MLT",5,NA,NA
14.373616667,35.98085,"MLT",5,NA,NA
14.37345,35.981616667,"MLT",5,NA,NA
5.61847900700008,59.021868001,"NOR",5,NA,NA
5.99331100500007,59.4786270010001,"NOR",5,NA,NA
10.6526500000001,59.6157830000001,"NOR",5,NA,NA
5.58638800800003,60.8742050010001,"NOR",5,NA,NA
5.26796701000006,60.0890830010001,"NOR",5,NA,NA
5.87663300600002,59.170933001,"NOR",5,NA,NA
11.446631,64.5476100000001,"NOR",5,NA,NA
8.52176000000003,62.6662910000001,"NOR",5,NA,NA
7.37123300100006,62.968467,"NOR",5,NA,NA
5.55170000800007,62.268867001,"NOR",5,NA,NA
6.18420300400004,58.8386160000001,"NOR",5,NA,NA
6.09756700500003,59.2154330010001,"NOR",5,NA,NA
7.51116700100005,63.0601,"NOR",5,NA,NA
6.79928300300003,62.6845500000001,"NOR",5,NA,NA
6.88732500200007,58.2770590000001,"NOR",5,NA,NA
5.12465001200007,59.810633001,"NOR",5,NA,NA
4.95638301300005,60.934533001,"NOR",5,NA,NA
5.04372501300003,60.500278001,"NOR",5,NA,NA
5.33253301000002,60.3812000010001,"NOR",5,NA,NA
7.09326700200006,61.2124000000001,"NOR",5,NA,NA
5.56325000800007,60.2619000010001,"NOR",5,NA,NA
5.49230000900008,61.0257670010001,"NOR",5,NA,NA
6.07599100500005,58.908999001,"NOR",5,NA,NA
5.96354500500007,58.903709001,"NOR",5,NA,NA
5.91640200600006,59.4310040010001,"NOR",5,NA,NA
14.5568500000001,67.2781170000001,"NOR",5,NA,NA
8.73963300000003,63.1846330000001,"NOR",5,NA,NA
18.9248200000001,69.8679260000001,"NOR",5,NA,NA
18.9310330000001,69.8680830000001,"NOR",5,NA,NA
18.9185670000001,69.8674,"NOR",5,NA,NA
19.0314670000001,69.755117,"NOR",5,NA,NA
5.92028300500004,59.064100001,"NOR",5,NA,NA
5.30341701000003,60.4000670010001,"NOR",5,NA,NA
6.32160000400006,59.2797830000001,"NOR",5,NA,NA
19.1610170000001,69.7886500000001,"NOR",5,NA,NA
8.75688200000008,58.424515,"NOR",5,NA,NA
6.13110000500006,61.1111000000001,"NOR",5,NA,NA
19.0304830000001,69.754467,"NOR",5,NA,NA
7.70193300100004,62.9721000000001,"NOR",5,NA,NA
12.367283,66.1167330000001,"NOR",5,NA,NA
5.99651700600003,61.124017,"NOR",5,NA,NA
10.39818,63.4375020000001,"NOR",5,NA,NA
5.26150001000002,60.0871170010001,"NOR",5,NA,NA
5.30630001000003,59.8031500010001,"NOR",5,NA,NA
33.242005025,34.694979329,"CYP",5,NA,NA
33.2854835260001,34.701758774,"CYP",5,NA,NA
33.2824466870001,34.7015611050001,"CYP",5,NA,NA
33.3193875750001,34.691612064,"CYP",5,NA,NA
33.2683555560001,34.696838889,"CYP",5,NA,NA
33.270695054,34.6991793330001,"CYP",5,NA,NA
33.2638800550001,34.6770106920001,"CYP",5,NA,NA
33.2468524450001,34.6826093020001,"CYP",5,NA,NA
33.024226818,34.642690513,"CYP",5,NA,NA
33.0386972650001,34.6377124360001,"CYP",5,NA,NA
33.907869438,34.9501254090001,"CYP",5,NA,NA
33.890833333,34.9560000000001,"CYP",5,NA,NA
7.58051700100003,62.9285330000001,"NOR",5,NA,NA
11.1497650000001,64.8284150000001,"NOR",5,NA,NA
14.0180500000001,67.03495,"NOR",5,NA,NA
5.26512201000003,60.0872590010001,"NOR",5,NA,NA
9.066319,41.469637993848,"FRA",2,NA,NA
5.905947,43.0856809945552,"FRA",2,NA,NA
34.635794,31.829760989026,"ISR",2,NA,NA
22.108611,38.367222,"GRC",5,NA,NA
24.0475,38.368056,"GRC",5,NA,NA
22.954361,38.187611,"GRC",5,NA,NA
22.9155,38.191722,"GRC",5,NA,NA
22.910056,38.185972,"GRC",5,NA,NA
22.271,38.344222,"GRC",5,NA,NA
20.475861,38.207778,"GRC",5,NA,NA
20.463139,38.236778,"GRC",5,NA,NA
20.457472,38.242278,"GRC",5,NA,NA
20.045399,39.679452,"GRC",5,NA,NA
20.09096,39.654267,"GRC",5,NA,NA
20.089433,39.666049,"GRC",5,NA,NA
21.074733,38.42549,"GRC",5,NA,NA
21.066616,38.461173,"GRC",5,NA,NA
23.617372,37.155186,"GRC",5,NA,NA
23.607533,37.167922,"GRC",5,NA,NA
23.286672,38.204864,"GRC",5,NA,NA
114.224657508991,22.537974350808,"HKG",5,NA,NA
114.272662618415,22.5490212382661,"HKG",5,NA,NA
114.290541408856,22.5492431738197,"HKG",5,NA,NA
114.29912254836,22.5459019304485,"HKG",5,NA,NA
114.283850134627,22.5245249766299,"HKG",5,NA,NA
114.30641749236,22.5079364573134,"HKG",5,NA,NA
114.354125599324,22.477969346573,"HKG",5,NA,NA
114.360272945696,22.4596415114724,"HKG",5,NA,NA
114.354000299607,22.4435502213444,"HKG",5,NA,NA
114.272020730367,22.4685371466276,"HKG",5,NA,NA
114.278197333395,22.4233763709322,"HKG",5,NA,NA
114.351789119048,22.3495283417861,"HKG",5,NA,NA
114.319970026573,22.36792465083,"HKG",5,NA,NA
114.323043898235,22.3684696024757,"HKG",5,NA,NA
114.30143307907,22.3691151827537,"HKG",5,NA,NA
114.317443911605,22.3418193738813,"HKG",5,NA,NA
114.26990023341,22.3546465018853,"HKG",5,NA,NA
114.293892421712,22.2749927461171,"HKG",5,NA,NA
114.252527570256,22.164051938726,"HKG",5,NA,NA
114.12923505969,22.2059157879615,"HKG",5,NA,NA
114.129585530083,22.2217797361338,"HKG",5,NA,NA
114.055699413616,22.3521654761468,"HKG",5,NA,NA
114.207912836737,22.4535828110009,"HKG",5,NA,NA
114.005998980966,22.2354008161699,"HKG",5,NA,NA
114.221488453863,22.4547089314769,"HKG",5,NA,NA
114.285543101871,22.2557903955077,"HKG",5,NA,NA
15.206797,44.025197,"HRV",4,NA,NA
13.998367,44.890117,"HRV",4,NA,NA
15.39225,43.89075,"HRV",4,NA,NA
13.677469,45.131158,"HRV",4,NA,NA
15.0636,44.006506,"HRV",4,NA,NA
14.411056,44.965028,"HRV",4,NA,NA
14.377111,44.986833,"HRV",4,NA,NA
14.362806,44.70275,"HRV",4,NA,NA
14.501639,44.984167,"HRV",4,NA,NA
14.498639,45.339139,"HRV",4,NA,NA
16.033944,45.833278,"HRV",4,NA,NA
104.3549472,-0.839744443461768,"IDN",2,NA,NA
100.5732306,-1.37311388746794,"IDN",2,NA,NA
105.2602167,-5.46824166108777,"IDN",2,NA,NA
114.8243,-8.18631110251119,"IDN",2,NA,NA
114.6114,-8.11530832457388,"IDN",2,NA,NA
116.4526028,-8.87583887991754,"IDN",2,NA,NA
11.299857,42.4111079942665,"ITA",4,NA,NA
13.586226,41.2326709937399,"ITA",4,NA,NA
16.716181,39.6222839929795,"ITA",4,NA,NA
15.115696,36.7094999915166,"ITA",4,NA,NA
13.939354,37.0872869917106,"ITA",4,NA,NA
13.943861,37.0875099917107,"ITA",4,NA,NA
18.015481,40.6178859934548,"ITA",4,NA,NA
13.569569,45.7933329956105,"ITA",4,NA,NA
9.632735,40.9843689936256,"ITA",4,NA,NA
132.452944,33.042417,"JPN",2,NA,NA
130.202778,32.274167,"JPN",2,NA,NA
129.288611,28.172778,"JPN",2,NA,NA
131.212707,31.410595,"JPN",2,NA,NA
131.087222,31.289123,"JPN",2,NA,NA
131.784962,32.639812,"JPN",2,NA,NA
130.808333,31.679167,"JPN",2,NA,NA
131.9,32.8,"JPN",2,NA,NA
-110.6063,24.386997,"MEX",2,NA,NA
-110.339717,24.295,"MEX",2,NA,NA
102.401180692158,2.13173358811629,"MYS",2,NA,"Sempang, Malacca"
103.49758024234,2.80719360984595,"MYS",2,NA,"Rompin, Pahang"
100.350400035589,5.38453928519391,"MYS",2,NA,"Permatang Pauh, Pahang"
103.498816678944,2.80563833834934,"MYS",2,NA,"Rompin, Pahang"
102.406273047379,2.13051379290329,"MYS",2,NA,"Sempang, Malacca"
-79.343194,9.691944,"PAN",2,NA,NA
40.0361493727994,20.2729367223481,"SAU",5,NA,NA
102.041389,12.501944,"THA",2,NA,NA
27.442156,37.151617,"TUR",4,NA,NA
27.461611,37.190819,"TUR",4,NA,NA
26.820278,38.925556,"TUR",4,NA,NA
27.154255,37.490784,"TUR",4,NA,NA
27.425543,37.261517,"TUR",4,NA,NA
27.4378,37.288647,"TUR",4,NA,NA
27.153992,37.434914,"TUR",4,NA,NA
27.393506,37.267956,"TUR",4,NA,NA
27.511146,37.188601,"TUR",4,NA,NA
27.39366,37.254709,"TUR",4,NA,NA
27.493661,37.169234,"TUR",4,NA,NA
27.473698,37.16628,"TUR",4,NA,NA
26.33535,38.581221,"TUR",4,NA,NA
26.350533,38.577638,"TUR",4,NA,NA
27.238942,37.7556,"TUR",4,NA,NA
27.727219,37.451919,"TUR",4,NA,NA
26.825873,38.915094,"TUR",4,NA,NA
26.823537,38.903594,"TUR",4,NA,NA
27.380664,37.182232,"TUR",4,NA,NA
27.370522,37.187652,"TUR",4,NA,NA
27.382566,37.183525,"TUR",4,NA,NA
27.380859,37.182623,"TUR",4,NA,NA
120.148697418238,23.3967752085055,"TWN",2,NA,NA
120.14508600806,23.3914351227128,"TWN",2,NA,NA
120.133449241932,23.3794651828729,"TWN",2,NA,NA
120.129235930057,23.3717301851705,"TWN",2,NA,NA
120.110072917977,23.3288152023202,"TWN",2,NA,NA
120.105609722356,23.3098985441531,"TWN",2,NA,NA
120.094623394674,23.2862489368698,"TWN",2,NA,NA
120.087413617133,23.2480853803048,"TWN",2,NA,NA
120.034073916705,23.0983518357519,"TWN",2,NA,NA
120.032383867244,23.0868475775756,"TWN",2,NA,NA
120.194803351245,22.8412971213572,"TWN",2,NA,NA
120.197034949055,22.8360764110483,"TWN",2,NA,NA
120.197378271795,22.8238939746705,"TWN",2,NA,NA
120.199609869605,22.8087039556826,"TWN",2,NA,NA
120.485944647028,22.4270070047967,"TWN",2,NA,NA
120.489342274938,22.4244944597918,"TWN",2,NA,NA
120.498176107503,22.4191551506899,"TWN",2,NA,NA
120.50893526255,22.4139203346384,"TWN",2,NA,NA
120.515277501314,22.4111981523261,"TWN",2,NA,NA
120.518901637751,22.4086853213116,"TWN",2,NA,NA
121.137598617066,22.7297481624486,"TWN",2,NA,NA
121.143884139481,22.7347892641364,"TWN",2,NA,NA
121.149759736521,22.7399562004944,"TWN",2,NA,NA
121.151672721604,22.7409643604294,"TWN",2,NA,NA
121.15631854252,22.7462570780963,"TWN",2,NA,NA
121.162467423144,22.7496594312169,"TWN",2,NA,NA
121.372485159962,23.0944483524098,"TWN",2,NA,NA
121.386122146707,23.1006738045895,"TWN",2,NA,NA
121.394506368187,23.1107082544416,"TWN",2,NA,NA
121.409759590398,23.1184194053689,"TWN",2,NA,NA
121.408648428516,23.1271519810583,"TWN",2,NA,NA
121.400264207035,23.1366271116448,"TWN",2,NA,NA
121.833772709591,24.7183985991564,"TWN",2,NA,NA
121.832924948933,24.7227623303515,"TWN",2,NA,NA
121.839612838571,24.7123233460693,"TWN",2,NA,NA
121.82878034127,24.7349115207976,"TWN",2,NA,NA
121.838105708512,24.7079592489128,"TWN",2,NA,NA
121.838294099769,24.7025680942023,"TWN",2,NA,NA
121.875090351894,24.5956192986014,"TWN",2,NA,NA
121.874056210716,24.5914661875489,"TWN",2,NA,NA
121.843093426444,24.4664703145552,"TWN",2,NA,NA
121.802924665857,24.4339667805425,"TWN",2,NA,NA
120.128032126665,23.3660207307145,"TWN",2,NA,NA
120.115994092738,23.3441015101373,"TWN",2,NA,NA
120.058748638834,23.1190259313036,"TWN",2,NA,NA
120.075311123551,23.1243105274542,"TWN",2,NA,NA
120.081226296664,23.1300611750039,"TWN",2,NA,NA
120.514108968202,22.4128375086702,"TWN",2,NA,NA
120.361518692894,22.5060215233288,"TWN",2,NA,NA
120.371990036466,22.4957129500552,"TWN",2,NA,NA
120.385036300588,22.4892102241352,"TWN",2,NA,NA
120.402202437591,22.478900398348,"TWN",2,NA,NA
120.162658493153,22.9635781734818,"TWN",2,NA,NA
120.164503852881,22.9589153899736,"TWN",2,NA,NA
120.164203445483,22.9587968425346,"TWN",2,NA,NA
120.166306297266,22.9588758741722,"TWN",2,NA,NA
120.164804260278,22.9627088531563,"TWN",2,NA,NA
120.174699820027,22.9104902546689,"TWN",2,NA,NA
120.176588095097,22.9000539515591,"TWN",2,NA,NA
120.182081258938,22.8877191034694,"TWN",2,NA,NA
120.186372793189,22.8747504902042,"TWN",2,NA,NA
120.186887777299,22.8573516249369,"TWN",2,NA,NA
120.074055734395,23.0337848809947,"TWN",2,NA,NA
120.099461617159,23.0198823156683,"TWN",2,NA,NA
120.142681356944,22.9908942657016,"TWN",2,NA,NA
120.158474202987,22.96924299813,"TWN",2,NA,NA
-156.036833,19.445833,"USA",2,NA,NA
109.300058,12.600067,"VNM",2,NA,NA
109.283517,12.616847,"VNM",2,NA,NA
109.300092,12.633478,"VNM",2,NA,NA
109.383572,12.583439,"VNM",2,NA,NA
109.218361,12.575111,"VNM",2,NA,NA
