lon,lat,area_ha,iso3c,data_quality,action_needed
81.81223617789705,7.448787207308967,2.583333,LKA,3,Allocate spatially
81.80131444573485,7.460025730044926,2.583333,LKA,3,Allocate spatially
81.79309662770078,7.473073808636402,2.583333,LKA,3,Allocate spatially
81.78687213561598,7.487455892108404,2.583333,LKA,3,Allocate spatially
81.78064764353117,7.501837975580406,2.583333,LKA,3,Allocate spatially
81.77442315144637,7.516220059052409,2.583333,LKA,3,Allocate spatially
81.76819865936156,7.530602142524411,2.583333,LKA,3,Allocate spatially
81.76197416727676,7.544984225996413,2.583333,LKA,3,Allocate spatially
81.75574967519195,7.559366309468415,2.583333,LKA,3,Allocate spatially
81.74952518310715,7.573748392940417,2.583333,LKA,3,Allocate spatially
81.74330069102236,7.58813047641242,2.583333,LKA,3,Allocate spatially
81.73707619893754,7.602512559884422,2.583333,LKA,3,Allocate spatially
81.73085170685275,7.616894643356424,2.583333,LKA,3,Allocate spatially
81.72325021655332,7.630479037074769,2.583333,LKA,3,Allocate spatially
81.71387056035118,7.643033346145326,2.583333,LKA,3,Allocate spatially
81.70449090414904,7.655587655215883,2.583333,LKA,3,Allocate spatially
81.6951112479469,7.6681419642864395,2.583333,LKA,3,Allocate spatially
81.68573159174476,7.680696273356997,2.583333,LKA,3,Allocate spatially
81.6802433960561,7.695100479963887,2.583333,LKA,3,Allocate spatially
81.67642935945862,7.710300537580311,2.583333,LKA,3,Allocate spatially
81.67746307549972,7.725904544891433,2.583333,LKA,3,Allocate spatially
81.67870882313223,7.741526220203176,2.583333,LKA,3,Allocate spatially
81.6738810097235,7.756433173627624,2.583333,LKA,3,Allocate spatially
81.66904287032713,7.7713389119149685,2.583333,LKA,3,Allocate spatially
81.66319375877666,7.7857484794875536,2.583333,LKA,3,Allocate spatially
81.6543626417268,7.798694521290412,2.583333,LKA,3,Allocate spatially
81.64553152467697,7.81164056309327,2.583333,LKA,3,Allocate spatially
81.63670040762712,7.82458660489613,2.583333,LKA,3,Allocate spatially
81.62786929057728,7.837532646698988,2.583333,LKA,3,Allocate spatially
81.61903817352743,7.8504786885018465,2.583333,LKA,3,Allocate spatially
81.61020705647758,7.863424730304705,2.583333,LKA,3,Allocate spatially
81.60137593942774,7.876370772107563,2.583333,LKA,3,Allocate spatially
81.59254482237789,7.889316813910422,2.583333,LKA,3,Allocate spatially
81.58371370532805,7.902262855713281,2.583333,LKA,3,Allocate spatially
81.5748825882782,7.915208897516139,2.583333,LKA,3,Allocate spatially
81.56605147122835,7.928154939318998,2.583333,LKA,3,Allocate spatially
81.55722035417851,7.941100981121856,2.583333,LKA,3,Allocate spatially
81.54838923712866,7.954047022924715,2.583333,LKA,3,Allocate spatially
81.53955812007882,7.966993064727573,2.583333,LKA,3,Allocate spatially
81.53072700302897,7.9799391065304315,2.583333,LKA,3,Allocate spatially
81.52189588597913,7.992885148333291,2.583333,LKA,3,Allocate spatially
81.51306476892928,8.00583119013615,2.583333,LKA,3,Allocate spatially
81.50423365187943,8.018777231939007,2.583333,LKA,3,Allocate spatially
81.4954025348296,8.031723273741866,2.583333,LKA,3,Allocate spatially
81.48657141777974,8.044669315544725,2.583333,LKA,3,Allocate spatially
81.4777403007299,8.057615357347583,2.583333,LKA,3,Allocate spatially
81.46890918368005,8.070561399150442,2.583333,LKA,3,Allocate spatially
81.4600780666302,8.0835074409533,2.583333,LKA,3,Allocate spatially
81.45124694958037,8.096453482756159,2.583333,LKA,3,Allocate spatially
81.44241583253051,8.109399524559016,2.583333,LKA,3,Allocate spatially
81.43414444352818,8.122666989650885,2.583333,LKA,3,Allocate spatially
81.42741425151544,8.136819485620892,2.583333,LKA,3,Allocate spatially
81.42216796874999,8.151306848589028,2.583333,LKA,3,Allocate spatially
81.42216796874999,8.166978116141763,2.583333,LKA,3,Allocate spatially
81.42216796874999,8.1826493836945,2.583333,LKA,3,Allocate spatially
81.42216796874999,8.198320651247236,2.583333,LKA,3,Allocate spatially
81.42216796874999,8.213991918799971,2.583333,LKA,3,Allocate spatially
81.41895925551897,8.2293018821158,2.583333,LKA,3,Allocate spatially
81.41547424193648,8.244580733742781,2.583333,LKA,3,Allocate spatially
81.41198922835399,8.259859585369762,2.583333,LKA,3,Allocate spatially
79.90043398692218,8.564149750852447,3.348214,LKA,3,Allocate spatially
79.89999742828337,8.56280560978035,3.348214,LKA,3,Allocate spatially
79.89956086964457,8.56146146870825,3.348214,LKA,3,Allocate spatially
79.89912431100578,8.560117327636153,3.348214,LKA,3,Allocate spatially
79.89868775236697,8.558773186564054,3.348214,LKA,3,Allocate spatially
79.89825119372817,8.557429045491954,3.348214,LKA,3,Allocate spatially
79.89781463508938,8.556084904419857,3.348214,LKA,3,Allocate spatially
79.89737807645056,8.554740763347757,3.348214,LKA,3,Allocate spatially
79.89694151781177,8.55339662227566,3.348214,LKA,3,Allocate spatially
79.89650495917296,8.55205248120356,3.348214,LKA,3,Allocate spatially
79.89606840053416,8.550708340131461,3.348214,LKA,3,Allocate spatially
79.89563184189537,8.549364199059363,3.348214,LKA,3,Allocate spatially
79.89519528325656,8.548020057987264,3.348214,LKA,3,Allocate spatially
79.89475872461776,8.546675916915166,3.348214,LKA,3,Allocate spatially
79.89432216597896,8.545331775843067,3.348214,LKA,3,Allocate spatially
79.89388560734015,8.54398763477097,3.348214,LKA,3,Allocate spatially
79.89344904870136,8.54264349369887,3.348214,LKA,3,Allocate spatially
79.89301249006255,8.54129935262677,3.348214,LKA,3,Allocate spatially
79.89257593142375,8.539955211554673,3.348214,LKA,3,Allocate spatially
79.89213937278495,8.538611070482574,3.348214,LKA,3,Allocate spatially
79.89170281414614,8.537266929410476,3.348214,LKA,3,Allocate spatially
79.89126625550735,8.535922788338377,3.348214,LKA,3,Allocate spatially
79.89082969686855,8.534578647266278,3.348214,LKA,3,Allocate spatially
79.89039313822974,8.53323450619418,3.348214,LKA,3,Allocate spatially
79.88995657959094,8.53189036512208,3.348214,LKA,3,Allocate spatially
79.88952002095215,8.530546224049983,3.348214,LKA,3,Allocate spatially
79.88908346231334,8.529202082977884,3.348214,LKA,3,Allocate spatially
79.88864690367454,8.527857941905786,3.348214,LKA,3,Allocate spatially
79.88821034503573,8.526513800833687,3.348214,LKA,3,Allocate spatially
79.88777378639693,8.525169659761588,3.348214,LKA,3,Allocate spatially
79.88733722775814,8.52382551868949,3.348214,LKA,3,Allocate spatially
79.88690066911933,8.52248137761739,3.348214,LKA,3,Allocate spatially
79.88646411048053,8.521137236545293,3.348214,LKA,3,Allocate spatially
79.88602755184174,8.519793095473194,3.348214,LKA,3,Allocate spatially
79.88559099320292,8.518448954401094,3.348214,LKA,3,Allocate spatially
79.88515443456413,8.517104813328997,3.348214,LKA,3,Allocate spatially
79.88471787592532,8.515760672256897,3.348214,LKA,3,Allocate spatially
79.88428131728652,8.5144165311848,3.348214,LKA,3,Allocate spatially
79.88384475864773,8.5130723901127,3.348214,LKA,3,Allocate spatially
79.88340820000892,8.511728249040603,3.348214,LKA,3,Allocate spatially
79.88297164137012,8.510384107968504,3.348214,LKA,3,Allocate spatially
79.88253508273132,8.509039966896404,3.348214,LKA,3,Allocate spatially
79.88209852409251,8.507695825824307,3.348214,LKA,3,Allocate spatially
79.88166196545372,8.506351684752207,3.348214,LKA,3,Allocate spatially
79.8812254068149,8.50500754368011,3.348214,LKA,3,Allocate spatially
79.88078884817611,8.50366340260801,3.348214,LKA,3,Allocate spatially
79.88035228953731,8.502319261535911,3.348214,LKA,3,Allocate spatially
79.8799157308985,8.500975120463814,3.348214,LKA,3,Allocate spatially
79.8794791722597,8.499630979391714,3.348214,LKA,3,Allocate spatially
79.87904261362091,8.498286838319617,3.348214,LKA,3,Allocate spatially
79.8786060549821,8.496942697247517,3.348214,LKA,3,Allocate spatially
79.8781694963433,8.49559855617542,3.348214,LKA,3,Allocate spatially
79.87773293770451,8.49425441510332,3.348214,LKA,3,Allocate spatially
79.8772963790657,8.492910274031221,3.348214,LKA,3,Allocate spatially
79.8768598204269,8.491566132959123,3.348214,LKA,3,Allocate spatially
79.87642326178809,8.490221991887024,3.348214,LKA,3,Allocate spatially
79.8759867031493,8.488877850814927,3.348214,LKA,3,Allocate spatially
79.8755501445105,8.487533709742827,3.348214,LKA,3,Allocate spatially
79.87511358587169,8.486189568670728,3.348214,LKA,3,Allocate spatially
79.87467702723289,8.48484542759863,3.348214,LKA,3,Allocate spatially
79.8742404685941,8.483501286526531,3.348214,LKA,3,Allocate spatially
79.873803909955285,8.482157145454433,3.348214,LKA,3,Allocate spatially
79.87336735131649,8.480813004382334,3.348214,LKA,3,Allocate spatially
79.87293079267768,8.479468863310236,3.348214,LKA,3,Allocate spatially
79.87249423403888,8.478124722238137,3.348214,LKA,3,Allocate spatially
79.87205767540009,8.476780581166038,3.348214,LKA,3,Allocate spatially
79.87162111676128,8.47543644009394,3.348214,LKA,3,Allocate spatially
79.87118455812248,8.47409229902184,3.348214,LKA,3,Allocate spatially
79.87074799948368,8.472748157949743,3.348214,LKA,3,Allocate spatially
79.87031144084487,8.471404016877644,3.348214,LKA,3,Allocate spatially
79.86987488220608,8.470059875805545,3.348214,LKA,3,Allocate spatially
79.86943832356727,8.468715734733447,3.348214,LKA,3,Allocate spatially
79.86900176492847,8.467371593661348,3.348214,LKA,3,Allocate spatially
79.86856520628967,8.46602745258925,3.348214,LKA,3,Allocate spatially
79.86812864765086,8.46468331151715,3.348214,LKA,3,Allocate spatially
79.86769208901207,8.463339170445053,3.348214,LKA,3,Allocate spatially
79.86725553037327,8.461995029372954,3.348214,LKA,3,Allocate spatially
79.86681897173446,8.460650888300854,3.348214,LKA,3,Allocate spatially
79.86638241309566,8.459306747228757,3.348214,LKA,3,Allocate spatially
79.86594585445685,8.457962606156658,3.348214,LKA,3,Allocate spatially
79.86550929581806,8.45661846508456,3.348214,LKA,3,Allocate spatially
79.86507273717926,8.45527432401246,3.348214,LKA,3,Allocate spatially
79.86463617854045,8.453930182940361,3.348214,LKA,3,Allocate spatially
79.86419961990165,8.452586041868264,3.348214,LKA,3,Allocate spatially
79.86376306126286,8.451241900796164,3.348214,LKA,3,Allocate spatially
79.86332650262405,8.449897759724067,3.348214,LKA,3,Allocate spatially
79.86288994398525,8.448553618651967,3.348214,LKA,3,Allocate spatially
79.86245338534646,8.447209477579868,3.348214,LKA,3,Allocate spatially
79.86201682670765,8.44586533650777,3.348214,LKA,3,Allocate spatially
79.86158026806885,8.444521195435671,3.348214,LKA,3,Allocate spatially
79.86114370943004,8.443177054363574,3.348214,LKA,3,Allocate spatially
79.86070715079124,8.441832913291474,3.348214,LKA,3,Allocate spatially
79.86027059215245,8.440488772219377,3.348214,LKA,3,Allocate spatially
79.85983403351364,8.439144631147277,3.348214,LKA,3,Allocate spatially
79.85939747487484,8.437800490075178,3.348214,LKA,3,Allocate spatially
79.85896091623604,8.43645634900308,3.348214,LKA,3,Allocate spatially
79.85852435759723,8.435112207930981,3.348214,LKA,3,Allocate spatially
79.85808779895844,8.433768066858883,3.348214,LKA,3,Allocate spatially
79.85765124031963,8.432423925786784,3.348214,LKA,3,Allocate spatially
79.85721468168083,8.431079784714687,3.348214,LKA,3,Allocate spatially
79.85677812304203,8.429735643642587,3.348214,LKA,3,Allocate spatially
79.85634156440322,8.428391502570488,3.348214,LKA,3,Allocate spatially
79.85590500576443,8.42704736149839,3.348214,LKA,3,Allocate spatially
79.85546844712563,8.425703220426291,3.348214,LKA,3,Allocate spatially
79.85503188848682,8.424359079354193,3.348214,LKA,3,Allocate spatially
79.85459532984802,8.423014938282094,3.348214,LKA,3,Allocate spatially
79.85415877120921,8.421670797209995,3.348214,LKA,3,Allocate spatially
79.85372221257042,8.420326656137897,3.348214,LKA,3,Allocate spatially
79.85328565393162,8.418982515065798,3.348214,LKA,3,Allocate spatially
79.85284909529281,8.4176383739937,3.348214,LKA,3,Allocate spatially
79.85241253665401,8.4162942329216,3.348214,LKA,3,Allocate spatially
79.85197597801522,8.414950091849501,3.348214,LKA,3,Allocate spatially
79.85153941937641,8.413605950777404,3.348214,LKA,3,Allocate spatially
79.85110286073761,8.412261809705305,3.348214,LKA,3,Allocate spatially
79.85075947287615,8.410894450446667,3.348214,LKA,3,Allocate spatially
79.85051422991725,8.409502633447948,3.348214,LKA,3,Allocate spatially
79.85026898695834,8.408110816449229,3.348214,LKA,3,Allocate spatially
79.85002374399944,8.40671899945051,3.348214,LKA,3,Allocate spatially
79.84977850104055,8.40532718245179,3.348214,LKA,3,Allocate spatially
79.84953325808164,8.403935365453071,3.348214,LKA,3,Allocate spatially
79.84928801512274,8.402543548454352,3.348214,LKA,3,Allocate spatially
79.84904277216384,8.401151731455633,3.348214,LKA,3,Allocate spatially
79.84879752920493,8.399759914456915,3.348214,LKA,3,Allocate spatially
79.84855228624603,8.398368097458196,3.348214,LKA,3,Allocate spatially
79.84830704328714,8.396976280459477,3.348214,LKA,3,Allocate spatially
79.84806180032822,8.395584463460757,3.348214,LKA,3,Allocate spatially
79.84781655736933,8.394192646462038,3.348214,LKA,3,Allocate spatially
79.84757131441043,8.392800829463319,3.348214,LKA,3,Allocate spatially
79.84732607145152,8.3914090124646,3.348214,LKA,3,Allocate spatially
79.84708082849262,8.39001719546588,3.348214,LKA,3,Allocate spatially
79.84683558553373,8.388625378467161,3.348214,LKA,3,Allocate spatially
79.84659034257481,8.387233561468442,3.348214,LKA,3,Allocate spatially
79.84634509961592,8.385841744469722,3.348214,LKA,3,Allocate spatially
79.84609985665702,8.384449927471003,3.348214,LKA,3,Allocate spatially
79.84585461369811,8.383058110472284,3.348214,LKA,3,Allocate spatially
79.84560937073921,8.381666293473565,3.348214,LKA,3,Allocate spatially
79.84536412778031,8.380274476474845,3.348214,LKA,3,Allocate spatially
79.8451188848214,8.378882659476126,3.348214,LKA,3,Allocate spatially
79.8448736418625,8.377490842477407,3.348214,LKA,3,Allocate spatially
79.84462839890361,8.376099025478688,3.348214,LKA,3,Allocate spatially
79.8443831559447,8.37470720847997,3.348214,LKA,3,Allocate spatially
79.8441379129858,8.37331539148125,3.348214,LKA,3,Allocate spatially
79.8438926700269,8.371923574482532,3.348214,LKA,3,Allocate spatially
79.84364742706799,8.370531757483812,3.348214,LKA,3,Allocate spatially
79.8434021841091,8.369139940485093,3.348214,LKA,3,Allocate spatially
79.84315694115018,8.367748123486374,3.348214,LKA,3,Allocate spatially
79.84291169819129,8.366356306487654,3.348214,LKA,3,Allocate spatially
79.84266645523239,8.364964489488935,3.348214,LKA,3,Allocate spatially
79.84242121227348,8.363572672490216,3.348214,LKA,3,Allocate spatially
79.84217596931458,8.362180855491497,3.348214,LKA,3,Allocate spatially
79.84193072635568,8.360789038492777,3.348214,LKA,3,Allocate spatially
79.84168548339677,8.359397221494058,3.348214,LKA,3,Allocate spatially
79.84144024043788,8.358005404495339,3.348214,LKA,3,Allocate spatially
79.84119499747898,8.35661358749662,3.348214,LKA,3,Allocate spatially
79.84094975452007,8.3552217704979,3.348214,LKA,3,Allocate spatially
79.84070451156117,8.353829953499181,3.348214,LKA,3,Allocate spatially
79.84045926860227,8.352438136500462,3.348214,LKA,3,Allocate spatially
79.84021402564336,8.351046319501743,3.348214,LKA,3,Allocate spatially
79.83996878268447,8.349654502503025,3.348214,LKA,3,Allocate spatially
79.83972353972557,8.348262685504306,3.348214,LKA,3,Allocate spatially
79.83947829676666,8.346870868505587,3.348214,LKA,3,Allocate spatially
79.83923305380776,8.345479051506867,3.348214,LKA,3,Allocate spatially
79.83898781084886,8.344087234508148,3.348214,LKA,3,Allocate spatially
79.83874256788995,8.342695417509429,3.348214,LKA,3,Allocate spatially
79.83849732493105,8.34130360051071,3.348214,LKA,3,Allocate spatially
79.83825208197216,8.33991178351199,3.348214,LKA,3,Allocate spatially
79.83800683901325,8.338519966513271,3.348214,LKA,3,Allocate spatially
79.83776159605435,8.337128149514552,3.348214,LKA,3,Allocate spatially
79.83751635309545,8.335736332515832,3.348214,LKA,3,Allocate spatially
79.83727111013654,8.334344515517113,3.348214,LKA,3,Allocate spatially
79.83702586717764,8.332952698518394,3.348214,LKA,3,Allocate spatially
79.83678062421875,8.331560881519675,3.348214,LKA,3,Allocate spatially
79.83653538125984,8.330169064520955,3.348214,LKA,3,Allocate spatially
79.83629013830094,8.328777247522236,3.348214,LKA,3,Allocate spatially
79.83604489534204,8.327385430523517,3.348214,LKA,3,Allocate spatially
79.83579965238313,8.325993613524798,3.348214,LKA,3,Allocate spatially
79.83555440942423,8.324601796526078,3.348214,LKA,3,Allocate spatially
79.83530916646534,8.32320997952736,3.348214,LKA,3,Allocate spatially
79.835063923506425,8.321818162528642,3.348214,LKA,3,Allocate spatially
79.83481868054753,8.320426345529922,3.348214,LKA,3,Allocate spatially
79.83457343758862,8.319034528531203,3.348214,LKA,3,Allocate spatially
79.83432819462972,8.317642711532484,3.348214,LKA,3,Allocate spatially
79.83408295167082,8.316250894533765,3.348214,LKA,3,Allocate spatially
79.83383770871191,8.314859077535045,3.348214,LKA,3,Allocate spatially
79.83359246575301,8.313467260536326,3.348214,LKA,3,Allocate spatially
79.83334722279412,8.312075443537607,3.348214,LKA,3,Allocate spatially
79.8331019798352,8.310683626538887,3.348214,LKA,3,Allocate spatially
79.83285673687631,8.309291809540168,3.348214,LKA,3,Allocate spatially
79.83261149391741,8.307899992541449,3.348214,LKA,3,Allocate spatially
79.8323662509585,8.30650817554273,3.348214,LKA,3,Allocate spatially
79.8321210079996,8.30511635854401,3.348214,LKA,3,Allocate spatially
79.83190348609585,8.303720848517733,3.348214,LKA,3,Allocate spatially
79.8317758040106,8.302313369938172,3.348214,LKA,3,Allocate spatially
79.83164812192535,8.300905891358612,3.348214,LKA,3,Allocate spatially
79.8315204398401,8.299498412779052,3.348214,LKA,3,Allocate spatially
79.83139275775486,8.298090934199491,3.348214,LKA,3,Allocate spatially
79.8312650756696,8.296683455619931,3.348214,LKA,3,Allocate spatially
79.83113739358436,8.29527597704037,3.348214,LKA,3,Allocate spatially
79.8310097114991,8.29386849846081,3.348214,LKA,3,Allocate spatially
79.83088202941386,8.29246101988125,3.348214,LKA,3,Allocate spatially
79.83075434732861,8.29105354130169,3.348214,LKA,3,Allocate spatially
79.83062666524336,8.28964606272213,3.348214,LKA,3,Allocate spatially
79.83049898315811,8.28823858414257,3.348214,LKA,3,Allocate spatially
79.83037130107286,8.28683110556301,3.348214,LKA,3,Allocate spatially
79.83024361898761,8.28542362698345,3.348214,LKA,3,Allocate spatially
79.83011593690236,8.28401614840389,3.348214,LKA,3,Allocate spatially
79.82998825481711,8.282608669824329,3.348214,LKA,3,Allocate spatially
79.82986057273186,8.281201191244769,3.348214,LKA,3,Allocate spatially
79.82973289064661,8.279793712665208,3.348214,LKA,3,Allocate spatially
79.82960520856136,8.278386234085648,3.348214,LKA,3,Allocate spatially
79.82947752647611,8.276978755506088,3.348214,LKA,3,Allocate spatially
79.82934984439086,8.275571276926527,3.348214,LKA,3,Allocate spatially
79.82922216230561,8.274163798346967,3.348214,LKA,3,Allocate spatially
79.82909448022036,8.272756319767407,3.348214,LKA,3,Allocate spatially
79.82896679813511,8.271348841187846,3.348214,LKA,3,Allocate spatially
79.82883911604986,8.269941362608286,3.348214,LKA,3,Allocate spatially
79.82871143396461,8.268533884028725,3.348214,LKA,3,Allocate spatially
79.82858375187936,8.267126405449165,3.348214,LKA,3,Allocate spatially
79.82845606979411,8.265718926869607,3.348214,LKA,3,Allocate spatially
79.82832838770886,8.264311448290046,3.348214,LKA,3,Allocate spatially
79.82820070562362,8.262903969710486,3.348214,LKA,3,Allocate spatially
79.82807302353837,8.261496491130925,3.348214,LKA,3,Allocate spatially
79.82794534145312,8.260089012551365,3.348214,LKA,3,Allocate spatially
79.82781765936787,8.258681533971805,3.348214,LKA,3,Allocate spatially
79.82768997728262,8.257274055392244,3.348214,LKA,3,Allocate spatially
79.82756229519737,8.255866576812684,3.348214,LKA,3,Allocate spatially
79.82743461311212,8.254459098233124,3.348214,LKA,3,Allocate spatially
79.82730693102687,8.253051619653563,3.348214,LKA,3,Allocate spatially
79.82717924894162,8.251644141074003,3.348214,LKA,3,Allocate spatially
79.82705156685637,8.250236662494443,3.348214,LKA,3,Allocate spatially
79.82692388477112,8.248829183914882,3.348214,LKA,3,Allocate spatially
79.82679620268587,8.247421705335322,3.348214,LKA,3,Allocate spatially
79.82666852060062,8.246014226755761,3.348214,LKA,3,Allocate spatially
79.82654083851537,8.244606748176203,3.348214,LKA,3,Allocate spatially
79.82641315643012,8.243199269596643,3.348214,LKA,3,Allocate spatially
79.82628547434487,8.241791791017082,3.348214,LKA,3,Allocate spatially
79.82615779225962,8.240384312437522,3.348214,LKA,3,Allocate spatially
79.82603011017437,8.238976833857961,3.348214,LKA,3,Allocate spatially
79.82590242808912,8.237569355278401,3.348214,LKA,3,Allocate spatially
79.82577474600387,8.23616187669884,3.348214,LKA,3,Allocate spatially
79.82564706391862,8.23475439811928,3.348214,LKA,3,Allocate spatially
79.82551938183337,8.23334691953972,3.348214,LKA,3,Allocate spatially
79.82539169974812,8.23193944096016,3.348214,LKA,3,Allocate spatially
79.82526401766287,8.2305319623806,3.348214,LKA,3,Allocate spatially
79.82513633557762,8.229124483801039,3.348214,LKA,3,Allocate spatially
79.82500865349238,8.227717005221479,3.348214,LKA,3,Allocate spatially
79.82488097140713,8.226309526641918,3.348214,LKA,3,Allocate spatially
79.82475328932188,8.224902048062358,3.348214,LKA,3,Allocate spatially
79.82462560723663,8.2234945694828,3.348214,LKA,3,Allocate spatially
79.82449792515138,8.222087090903239,3.348214,LKA,3,Allocate spatially
79.82437024306613,8.220679612323678,3.348214,LKA,3,Allocate spatially
79.82424256098088,8.219272133744118,3.348214,LKA,3,Allocate spatially
79.82411487889563,8.217864655164558,3.348214,LKA,3,Allocate spatially
79.82398719681038,8.216457176584997,3.348214,LKA,3,Allocate spatially
79.82385951472513,8.215049698005437,3.348214,LKA,3,Allocate spatially
79.82373183263988,8.213642219425877,3.348214,LKA,3,Allocate spatially
79.82360415055463,8.212234740846316,3.348214,LKA,3,Allocate spatially
79.82347646846938,8.210827262266756,3.348214,LKA,3,Allocate spatially
79.82334878638413,8.209419783687196,3.348214,LKA,3,Allocate spatially
79.82322110429888,8.208012305107635,3.348214,LKA,3,Allocate spatially
79.82309342221363,8.206604826528075,3.348214,LKA,3,Allocate spatially
79.82296574012838,8.205197347948515,3.348214,LKA,3,Allocate spatially
79.82283805804313,8.203789869368954,3.348214,LKA,3,Allocate spatially
79.82271037595788,8.202382390789394,3.348214,LKA,3,Allocate spatially
79.82258269387263,8.200974912209835,3.348214,LKA,3,Allocate spatially
79.82245501178738,8.199567433630275,3.348214,LKA,3,Allocate spatially
79.82232732970213,8.198159955050714,3.348214,LKA,3,Allocate spatially
79.82219964761688,8.196752476471154,3.348214,LKA,3,Allocate spatially
79.82207196553163,8.195344997891594,3.348214,LKA,3,Allocate spatially
79.82194428344638,8.193937519312033,3.348214,LKA,3,Allocate spatially
79.82181660136114,8.192530040732473,3.348214,LKA,3,Allocate spatially
79.82168891927589,8.191122562152913,3.348214,LKA,3,Allocate spatially
79.82156123719064,8.189715083573352,3.348214,LKA,3,Allocate spatially
79.82143355510539,8.188307604993792,3.348214,LKA,3,Allocate spatially
79.82130587302014,8.186900126414232,3.348214,LKA,3,Allocate spatially
79.82117819093489,8.185492647834671,3.348214,LKA,3,Allocate spatially
79.82105050884964,8.18408516925511,3.348214,LKA,3,Allocate spatially
79.82092282676439,8.18267769067555,3.348214,LKA,3,Allocate spatially
79.82079514467914,8.18127021209599,3.348214,LKA,3,Allocate spatially
79.82066746259389,8.179862733516432,3.348214,LKA,3,Allocate spatially
79.82053978050864,8.178455254936871,3.348214,LKA,3,Allocate spatially
79.82041209842339,8.17704777635731,3.348214,LKA,3,Allocate spatially
79.82028441633815,8.17564029777775,3.348214,LKA,3,Allocate spatially
79.8201567342529,8.17423281919819,3.348214,LKA,3,Allocate spatially
79.82002905216765,8.17282534061863,3.348214,LKA,3,Allocate spatially
79.8199013700824,8.17141786203907,3.348214,LKA,3,Allocate spatially
79.81977368799716,8.170010383459509,3.348214,LKA,3,Allocate spatially
79.8196460059119,8.168602904879949,3.348214,LKA,3,Allocate spatially
79.81951832382666,8.167195426300388,3.348214,LKA,3,Allocate spatially
79.8193906417414,8.165787947720828,3.348214,LKA,3,Allocate spatially
79.81926295965616,8.164380469141268,3.348214,LKA,3,Allocate spatially
79.81913527757091,8.162972990561707,3.348214,LKA,3,Allocate spatially
79.81900759548566,8.161565511982147,3.348214,LKA,3,Allocate spatially
79.81887991340041,8.160158033402586,3.348214,LKA,3,Allocate spatially
79.81875223131516,8.158750554823026,3.348214,LKA,3,Allocate spatially
79.81862454922991,8.157343076243468,3.348214,LKA,3,Allocate spatially
79.81849686714466,8.155935597663907,3.348214,LKA,3,Allocate spatially
79.81836918505941,8.154528119084347,3.348214,LKA,3,Allocate spatially
79.81824150297416,8.153120640504786,3.348214,LKA,3,Allocate spatially
79.81811382088891,8.151713161925226,3.348214,LKA,3,Allocate spatially
79.81798613880366,8.150305683345666,3.348214,LKA,3,Allocate spatially
79.81785845671841,8.148898204766105,3.348214,LKA,3,Allocate spatially
79.81773077463316,8.147490726186545,3.348214,LKA,3,Allocate spatially
79.81760309254791,8.146083247606985,3.348214,LKA,3,Allocate spatially
79.81747541046266,8.144675769027424,3.348214,LKA,3,Allocate spatially
79.81734772837741,8.143268290447864,3.348214,LKA,3,Allocate spatially
79.81722004629216,8.141860811868304,3.348214,LKA,3,Allocate spatially
79.81709236420691,8.140453333288743,3.348214,LKA,3,Allocate spatially
79.81696468212166,8.139045854709183,3.348214,LKA,3,Allocate spatially
79.81683700003641,8.137638376129622,3.348214,LKA,3,Allocate spatially
79.81670931795117,8.136230897550064,3.348214,LKA,3,Allocate spatially
79.81658163586592,8.134823418970504,3.348214,LKA,3,Allocate spatially
79.81645395378067,8.133415940390943,3.348214,LKA,3,Allocate spatially
79.81632627169542,8.132008461811383,3.348214,LKA,3,Allocate spatially
79.81619858961017,8.130600983231822,3.348214,LKA,3,Allocate spatially
79.81607090752492,8.129193504652262,3.348214,LKA,3,Allocate spatially
79.81594322543967,8.127786026072702,3.348214,LKA,3,Allocate spatially
79.81581554335442,8.126378547493141,3.348214,LKA,3,Allocate spatially
79.81568786126917,8.124971068913581,3.348214,LKA,3,Allocate spatially
79.81556017918392,8.12356359033402,3.348214,LKA,3,Allocate spatially
79.81543249709867,8.12215611175446,3.348214,LKA,3,Allocate spatially
79.81530481501342,8.1207486331749,3.348214,LKA,3,Allocate spatially
79.81517713292817,8.11934115459534,3.348214,LKA,3,Allocate spatially
79.81504945084292,8.11793367601578,3.348214,LKA,3,Allocate spatially
79.81492176875767,8.116526197436219,3.348214,LKA,3,Allocate spatially
79.81479408667242,8.11511871885666,3.348214,LKA,3,Allocate spatially
79.81466640458717,8.1137112402771,3.348214,LKA,3,Allocate spatially
79.81453872250192,8.11230376169754,3.348214,LKA,3,Allocate spatially
79.81441104041667,8.11089628311798,3.348214,LKA,3,Allocate spatially
79.81428335833142,8.109488804538419,3.348214,LKA,3,Allocate spatially
79.81415567624617,8.108081325958858,3.348214,LKA,3,Allocate spatially
79.81402799416092,8.106673847379298,3.348214,LKA,3,Allocate spatially
79.81390031207567,8.105266368799738,3.348214,LKA,3,Allocate spatially
79.81377262999042,8.103858890220177,3.348214,LKA,3,Allocate spatially
79.81364494790517,8.102451411640617,3.348214,LKA,3,Allocate spatially
79.81351726581993,8.101043933061057,3.348214,LKA,3,Allocate spatially
79.81338958373468,8.099636454481496,3.348214,LKA,3,Allocate spatially
79.81326190164943,8.098228975901936,3.348214,LKA,3,Allocate spatially
79.81313421956418,8.096821497322376,3.348214,LKA,3,Allocate spatially
79.81300653747893,8.095414018742815,3.348214,LKA,3,Allocate spatially
79.81287885539368,8.094006540163257,3.348214,LKA,3,Allocate spatially
79.81275117330843,8.092599061583696,3.348214,LKA,3,Allocate spatially
79.81262349122318,8.091191583004136,3.348214,LKA,3,Allocate spatially
79.81249580913793,8.089784104424576,3.348214,LKA,3,Allocate spatially
79.81236812705268,8.088376625845015,3.348214,LKA,3,Allocate spatially
79.81224044496743,8.086969147265455,3.348214,LKA,3,Allocate spatially
79.81211276288218,8.085561668685894,3.348214,LKA,3,Allocate spatially
79.81198508079693,8.084154190106334,3.348214,LKA,3,Allocate spatially
79.81185739871168,8.082746711526774,3.348214,LKA,3,Allocate spatially
79.81172971662643,8.081339232947213,3.348214,LKA,3,Allocate spatially
79.81160203454118,8.079931754367653,3.348214,LKA,3,Allocate spatially
79.81147435245593,8.078524275788093,3.348214,LKA,3,Allocate spatially
79.81134667037068,8.077116797208532,3.348214,LKA,3,Allocate spatially
79.81121898828543,8.075709318628972,3.348214,LKA,3,Allocate spatially
79.81109130620018,8.074301840049412,3.348214,LKA,3,Allocate spatially
79.81096362411493,8.072894361469851,3.348214,LKA,3,Allocate spatially
79.81083594202968,8.071486882890293,3.348214,LKA,3,Allocate spatially
79.81070825994443,8.070079404310732,3.348214,LKA,3,Allocate spatially
79.81058057785918,8.068671925731172,3.348214,LKA,3,Allocate spatially
79.81045289577393,8.067264447151612,3.348214,LKA,3,Allocate spatially
79.81032521368869,8.065856968572051,3.348214,LKA,3,Allocate spatially
79.81019753160344,8.06444948999249,3.348214,LKA,3,Allocate spatially
79.81006984951819,8.06304201141293,3.348214,LKA,3,Allocate spatially
79.80994216743294,8.06163453283337,3.348214,LKA,3,Allocate spatially
79.80981448534769,8.06022705425381,3.348214,LKA,3,Allocate spatially
79.80968680326244,8.05881957567425,3.348214,LKA,3,Allocate spatially
79.80955912117719,8.057412097094689,3.348214,LKA,3,Allocate spatially
79.80943143909194,8.056004618515129,3.348214,LKA,3,Allocate spatially
79.80930375700669,8.054597139935568,3.348214,LKA,3,Allocate spatially
79.80917607492144,8.053189661356008,3.348214,LKA,3,Allocate spatially
79.80904839283619,8.051782182776448,3.348214,LKA,3,Allocate spatially
79.80892071075094,8.050374704196889,3.348214,LKA,3,Allocate spatially
79.80823646337853,8.049192182750069,3.348214,LKA,3,Allocate spatially
79.80735028676345,8.048091278724414,3.348214,LKA,3,Allocate spatially
79.80646411014837,8.046990374698758,3.348214,LKA,3,Allocate spatially
79.8055779335333,8.045889470673103,3.348214,LKA,3,Allocate spatially
79.80469175691822,8.04478856664745,3.348214,LKA,3,Allocate spatially
79.80380558030313,8.043687662621794,3.348214,LKA,3,Allocate spatially
79.80291940368807,8.042586758596139,3.348214,LKA,3,Allocate spatially
79.80203322707298,8.041485854570483,3.348214,LKA,3,Allocate spatially
79.8011470504579,8.04038495054483,3.348214,LKA,3,Allocate spatially
79.80026087384283,8.039284046519175,3.348214,LKA,3,Allocate spatially
79.79937469722775,8.03818314249352,3.348214,LKA,3,Allocate spatially
79.79848852061266,8.037082238467864,3.348214,LKA,3,Allocate spatially
79.7976023439976,8.035981334442209,3.348214,LKA,3,Allocate spatially
79.79671616738251,8.034880430416555,3.348214,LKA,3,Allocate spatially
79.79582999076743,8.0337795263909,3.348214,LKA,3,Allocate spatially
79.79494381415236,8.032678622365244,3.348214,LKA,3,Allocate spatially
79.79405763753728,8.0315777183395891,3.348214,LKA,3,Allocate spatially
79.7931714609222,8.030476814313936,3.348214,LKA,3,Allocate spatially
79.79228528430713,8.02937591028828,3.348214,LKA,3,Allocate spatially
79.79139910769204,8.028275006262625,3.348214,LKA,3,Allocate spatially
79.79051293107696,8.02717410223697,3.348214,LKA,3,Allocate spatially
79.78962675446189,8.026073198211316,3.348214,LKA,3,Allocate spatially
79.78874057784681,8.02497229418566,3.348214,LKA,3,Allocate spatially
79.78785440123173,8.023871390160005,3.348214,LKA,3,Allocate spatially
79.78696822461666,8.02277048613435,3.348214,LKA,3,Allocate spatially
79.78608204800157,8.021669582108697,3.348214,LKA,3,Allocate spatially
79.78519587138649,8.020568678083041,3.348214,LKA,3,Allocate spatially
79.78430969477142,8.019467774057386,3.348214,LKA,3,Allocate spatially
79.78341007559631,8.018534472449042,3.348214,LKA,3,Allocate spatially
79.78235976002286,8.019480060024563,3.348214,LKA,3,Allocate spatially
79.7813094444494,8.020425647600085,3.348214,LKA,3,Allocate spatially
79.78025912887595,8.021371235175605,3.348214,LKA,3,Allocate spatially
79.7792088133025,8.022316822751128,3.348214,LKA,3,Allocate spatially
79.77815849772905,8.023262410326648,3.348214,LKA,3,Allocate spatially
79.7771081821556,8.024207997902169,3.348214,LKA,3,Allocate spatially
79.77605786658215,8.02515358547769,3.348214,LKA,3,Allocate spatially
79.7750075510087,8.026099173053211,3.348214,LKA,3,Allocate spatially
79.77395723543525,8.027044760628732,3.348214,LKA,3,Allocate spatially
79.7729069198618,8.027990348204254,3.348214,LKA,3,Allocate spatially
79.77185660428835,8.028935935779774,3.348214,LKA,3,Allocate spatially
79.7708062887149,8.029881523355295,3.348214,LKA,3,Allocate spatially
79.76975597314144,8.030827110930817,3.348214,LKA,3,Allocate spatially
79.76870565756799,8.031772698506337,3.348214,LKA,3,Allocate spatially
79.76765534199454,8.03271828608186,3.348214,LKA,3,Allocate spatially
79.76660502642109,8.03366387365738,3.348214,LKA,3,Allocate spatially
79.76555471084764,8.0346094612329,3.348214,LKA,3,Allocate spatially
79.76450439527419,8.035555048808423,3.348214,LKA,3,Allocate spatially
79.76345407970074,8.036500636383943,3.348214,LKA,3,Allocate spatially
79.76240376412728,8.037446223959464,3.348214,LKA,3,Allocate spatially
79.76135344855383,8.038391811534986,3.348214,LKA,3,Allocate spatially
79.76030313298038,8.039337399110506,3.348214,LKA,3,Allocate spatially
79.75925281740693,8.040282986686028,3.348214,LKA,3,Allocate spatially
79.75820250183348,8.041228574261549,3.348214,LKA,3,Allocate spatially
79.75715218626003,8.04217416183707,3.348214,LKA,3,Allocate spatially
79.75610187068658,8.043119749412591,3.348214,LKA,3,Allocate spatially
79.75505155511313,8.044065336988112,3.348214,LKA,3,Allocate spatially
79.75400123953968,8.045010924563632,3.348214,LKA,3,Allocate spatially
79.75295092396621,8.045956512139155,3.348214,LKA,3,Allocate spatially
79.75190060839276,8.046902099714675,3.348214,LKA,3,Allocate spatially
79.75085029281931,8.047847687290197,3.348214,LKA,3,Allocate spatially
79.74979997724586,8.048793274865718,3.348214,LKA,3,Allocate spatially
79.74970754396406,8.050165147176626,3.348214,LKA,3,Allocate spatially
79.74970810645483,8.051578405238843,3.348214,LKA,3,Allocate spatially
79.7497086689456,8.052991663301059,3.348214,LKA,3,Allocate spatially
79.74970923143637,8.054404921363275,3.348214,LKA,3,Allocate spatially
79.74970979392714,8.055818179425492,3.348214,LKA,3,Allocate spatially
79.74971035641792,8.057231437487708,3.348214,LKA,3,Allocate spatially
79.74971091890869,8.058644695549923,3.348214,LKA,3,Allocate spatially
79.74971148139946,8.060057953612139,3.348214,LKA,3,Allocate spatially
79.74971204389023,8.061471211674355,3.348214,LKA,3,Allocate spatially
79.749712606381,8.062884469736572,3.348214,LKA,3,Allocate spatially
79.74971316887176,8.064297727798788,3.348214,LKA,3,Allocate spatially
79.74971373136255,8.065710985861005,3.348214,LKA,3,Allocate spatially
79.74971429385332,8.06712424392322,3.348214,LKA,3,Allocate spatially
79.74971485634408,8.068537501985436,3.348214,LKA,3,Allocate spatially
79.74971541883485,8.069950760047652,3.348214,LKA,3,Allocate spatially
79.74971598132562,8.071364018109868,3.348214,LKA,3,Allocate spatially
79.74971654381639,8.072777276172085,3.348214,LKA,3,Allocate spatially
79.74971710630717,8.074190534234301,3.348214,LKA,3,Allocate spatially
79.74971766879794,8.075603792296516,3.348214,LKA,3,Allocate spatially
79.74971823128871,8.077017050358732,3.348214,LKA,3,Allocate spatially
79.74971879377948,8.078430308420948,3.348214,LKA,3,Allocate spatially
79.74971935627025,8.079843566483165,3.348214,LKA,3,Allocate spatially
79.74971991876102,8.081256824545381,3.348214,LKA,3,Allocate spatially
79.7497204812518,8.082670082607597,3.348214,LKA,3,Allocate spatially
79.74972104374257,8.084083340669812,3.348214,LKA,3,Allocate spatially
79.74972160623334,8.085496598732028,3.348214,LKA,3,Allocate spatially
79.7497221687241,8.086909856794245,3.348214,LKA,3,Allocate spatially
79.74972273121487,8.088323114856461,3.348214,LKA,3,Allocate spatially
79.74972329370564,8.089736372918678,3.348214,LKA,3,Allocate spatially
79.74972385619641,8.091149630980894,3.348214,LKA,3,Allocate spatially
79.7497244186872,8.092562889043108,3.348214,LKA,3,Allocate spatially
79.74972498117796,8.093976147105325,3.348214,LKA,3,Allocate spatially
79.74972554366873,8.095389405167541,3.348214,LKA,3,Allocate spatially
79.7497261061595,8.096802663229758,3.348214,LKA,3,Allocate spatially
79.74972666865027,8.098215921291974,3.348214,LKA,3,Allocate spatially
79.74972723114104,8.09962917935419,3.348214,LKA,3,Allocate spatially
79.74972779363182,8.101042437416405,3.348214,LKA,3,Allocate spatially
79.74972835612259,8.102455695478621,3.348214,LKA,3,Allocate spatially
79.74972891861336,8.103868953540838,3.348214,LKA,3,Allocate spatially
79.74972948110413,8.105282211603054,3.348214,LKA,3,Allocate spatially
79.7497300435949,8.10669546966527,3.348214,LKA,3,Allocate spatially
79.74973060608566,8.108108727727487,3.348214,LKA,3,Allocate spatially
79.74973116857645,8.109521985789701,3.348214,LKA,3,Allocate spatially
79.74973173106721,8.110935243851918,3.348214,LKA,3,Allocate spatially
79.74973229355798,8.112348501914134,3.348214,LKA,3,Allocate spatially
79.74973285604875,8.11376175997635,3.348214,LKA,3,Allocate spatially
79.74973341853952,8.115175018038567,3.348214,LKA,3,Allocate spatially
79.74973398103029,8.116588276100783,3.348214,LKA,3,Allocate spatially
79.74973454352107,8.118001534162998,3.348214,LKA,3,Allocate spatially
79.74973510601184,8.119414792225214,3.348214,LKA,3,Allocate spatially
79.74973566850261,8.12082805028743,3.348214,LKA,3,Allocate spatially
79.74973623099338,8.122241308349647,3.348214,LKA,3,Allocate spatially
79.74973679348415,8.123654566411863,3.348214,LKA,3,Allocate spatially
79.74973735597491,8.12506782447408,3.348214,LKA,3,Allocate spatially
79.74973791846568,8.126481082536294,3.348214,LKA,3,Allocate spatially
79.74973848095647,8.12789434059851,3.348214,LKA,3,Allocate spatially
79.74973904344724,8.129307598660727,3.348214,LKA,3,Allocate spatially
79.749739605938,8.130720856722943,3.348214,LKA,3,Allocate spatially
79.74974016842877,8.13213411478516,3.348214,LKA,3,Allocate spatially
79.74974073091954,8.133547372847376,3.348214,LKA,3,Allocate spatially
79.74974129341031,8.13496063090959,3.348214,LKA,3,Allocate spatially
79.74974185590109,8.136373888971807,3.348214,LKA,3,Allocate spatially
79.74974241839186,8.137787147034024,3.348214,LKA,3,Allocate spatially
79.74974298088263,8.13920040509624,3.348214,LKA,3,Allocate spatially
79.7497435433734,8.140613663158456,3.348214,LKA,3,Allocate spatially
79.74974410586417,8.142026921220673,3.348214,LKA,3,Allocate spatially
79.74974466835494,8.143440179282887,3.348214,LKA,3,Allocate spatially
79.74974523084572,8.144853437345104,3.348214,LKA,3,Allocate spatially
79.74974579333649,8.14626669540732,3.348214,LKA,3,Allocate spatially
79.74974635582726,8.147679953469536,3.348214,LKA,3,Allocate spatially
79.74974691831802,8.149093211531753,3.348214,LKA,3,Allocate spatially
79.7497474808088,8.150506469593969,3.348214,LKA,3,Allocate spatially
79.74974804329956,8.151919727656184,3.348214,LKA,3,Allocate spatially
79.74974860579034,8.1533329857184,3.348214,LKA,3,Allocate spatially
79.74974916828111,8.154746243780616,3.348214,LKA,3,Allocate spatially
79.74974973077188,8.156159501842833,3.348214,LKA,3,Allocate spatially
79.74975029326265,8.15757275990505,3.348214,LKA,3,Allocate spatially
79.74975085575342,8.158986017967266,3.348214,LKA,3,Allocate spatially
79.74975141824419,8.16039927602948,3.348214,LKA,3,Allocate spatially
79.74975198073496,8.161812534091696,3.348214,LKA,3,Allocate spatially
79.74975254322574,8.163225792153913,3.348214,LKA,3,Allocate spatially
79.74975310571651,8.16463905021613,3.348214,LKA,3,Allocate spatially
79.74975366820728,8.166052308278346,3.348214,LKA,3,Allocate spatially
79.74975423069804,8.167465566340562,3.348214,LKA,3,Allocate spatially
79.74975479318881,8.168878824402777,3.348214,LKA,3,Allocate spatially
79.74975535567958,8.170292082464993,3.348214,LKA,3,Allocate spatially
79.74975591817037,8.17170534052721,3.348214,LKA,3,Allocate spatially
79.74975648066113,8.173118598589426,3.348214,LKA,3,Allocate spatially
79.7497570431519,8.174531856651642,3.348214,LKA,3,Allocate spatially
79.74975760564267,8.175945114713858,3.348214,LKA,3,Allocate spatially
79.74975816813344,8.177358372776073,3.348214,LKA,3,Allocate spatially
79.74975873062421,8.17877163083829,3.348214,LKA,3,Allocate spatially
79.74975929311499,8.180184888900506,3.348214,LKA,3,Allocate spatially
79.74975985560576,8.181598146962722,3.348214,LKA,3,Allocate spatially
79.74976041809653,8.183011405024939,3.348214,LKA,3,Allocate spatially
79.7497609805873,8.184424663087155,3.348214,LKA,3,Allocate spatially
79.74976154307807,8.18583792114937,3.348214,LKA,3,Allocate spatially
79.74976210556883,8.187251179211586,3.348214,LKA,3,Allocate spatially
79.7497626680596,8.188664437273802,3.348214,LKA,3,Allocate spatially
79.74976323055039,8.190077695336019,3.348214,LKA,3,Allocate spatially
79.74976379304115,8.191490953398235,3.348214,LKA,3,Allocate spatially
79.74976435553192,8.192904211460451,3.348214,LKA,3,Allocate spatially
79.74976491802269,8.194317469522666,3.348214,LKA,3,Allocate spatially
79.74976548051346,8.195730727584882,3.348214,LKA,3,Allocate spatially
79.74976604300423,8.197143985647099,3.348214,LKA,3,Allocate spatially
79.74976660549501,8.198557243709315,3.348214,LKA,3,Allocate spatially
79.74976716798578,8.199970501771531,3.348214,LKA,3,Allocate spatially
79.74976773047655,8.201383759833748,3.348214,LKA,3,Allocate spatially
79.74976829296732,8.202797017895962,3.348214,LKA,3,Allocate spatially
79.74976885545809,8.204210275958179,3.348214,LKA,3,Allocate spatially
79.74976941794885,8.205623534020395,3.348214,LKA,3,Allocate spatially
79.74976998043964,8.207036792082611,3.348214,LKA,3,Allocate spatially
79.7497705429304,8.208450050144828,3.348214,LKA,3,Allocate spatially
79.74977110542117,8.209863308207044,3.348214,LKA,3,Allocate spatially
79.74977166791194,8.211276566269259,3.348214,LKA,3,Allocate spatially
79.74977223040271,8.212689824331475,3.348214,LKA,3,Allocate spatially
79.74977279289348,8.214103082393692,3.348214,LKA,3,Allocate spatially
79.74977335538426,8.215516340455908,3.348214,LKA,3,Allocate spatially
79.74977391787503,8.216929598518124,3.348214,LKA,3,Allocate spatially
79.7497744803658,8.21834285658034,3.348214,LKA,3,Allocate spatially
79.74977504285657,8.219756114642555,3.348214,LKA,3,Allocate spatially
79.74977560534734,8.221169372704772,3.348214,LKA,3,Allocate spatially
79.7497761678381,8.222582630766988,3.348214,LKA,3,Allocate spatially
79.74977673032888,8.223995888829204,3.348214,LKA,3,Allocate spatially
79.74977729281966,8.22540914689142,3.348214,LKA,3,Allocate spatially
79.74977785531043,8.226822404953637,3.348214,LKA,3,Allocate spatially
79.7497784178012,8.228235663015852,3.348214,LKA,3,Allocate spatially
79.74977898029196,8.229648921078068,3.348214,LKA,3,Allocate spatially
79.74977954278273,8.231062179140284,3.348214,LKA,3,Allocate spatially
79.7497801052735,8.2324754372025,3.348214,LKA,3,Allocate spatially
79.74978066776428,8.233888695264717,3.348214,LKA,3,Allocate spatially
79.74978123025505,8.235301953326934,3.348214,LKA,3,Allocate spatially
79.74978179274582,8.236715211389148,3.348214,LKA,3,Allocate spatially
79.74978235523659,8.238128469451365,3.348214,LKA,3,Allocate spatially
79.74978291772736,8.239541727513581,3.348214,LKA,3,Allocate spatially
79.74978348021813,8.240954985575797,3.348214,LKA,3,Allocate spatially
79.74978404270891,8.242368243638014,3.348214,LKA,3,Allocate spatially
79.74978460519968,8.24378150170023,3.348214,LKA,3,Allocate spatially
79.74978516769045,8.245194759762445,3.348214,LKA,3,Allocate spatially
79.74978573018122,8.246608017824661,3.348214,LKA,3,Allocate spatially
79.74978629267198,8.248021275886877,3.348214,LKA,3,Allocate spatially
79.74978685516275,8.249434533949094,3.348214,LKA,3,Allocate spatially
79.74978741765354,8.25084779201131,3.348214,LKA,3,Allocate spatially
79.7497879801443,8.252261050073527,3.348214,LKA,3,Allocate spatially
79.74978854263507,8.253674308135741,3.348214,LKA,3,Allocate spatially
79.74978910512584,8.255087566197957,3.348214,LKA,3,Allocate spatially
79.74978966761661,8.256500824260174,3.348214,LKA,3,Allocate spatially
79.74979023010738,8.25791408232239,3.348214,LKA,3,Allocate spatially
79.74979079259815,8.259327340384607,3.348214,LKA,3,Allocate spatially
79.74979135508893,8.260740598446823,3.348214,LKA,3,Allocate spatially
79.7497919175797,8.262153856509038,3.348214,LKA,3,Allocate spatially
79.74979248007047,8.263567114571254,3.348214,LKA,3,Allocate spatially
79.74979304256124,8.26498037263347,3.348214,LKA,3,Allocate spatially
79.749793605052,8.266393630695687,3.348214,LKA,3,Allocate spatially
79.74979416754277,8.267806888757903,3.348214,LKA,3,Allocate spatially
79.74979473003356,8.26922014682012,3.348214,LKA,3,Allocate spatially
79.74979529252433,8.270633404882334,3.348214,LKA,3,Allocate spatially
79.7497958550151,8.27204666294455,3.348214,LKA,3,Allocate spatially
79.74979641750586,8.273459921006767,3.348214,LKA,3,Allocate spatially
79.74979697999663,8.274873179068983,3.348214,LKA,3,Allocate spatially
79.7497975424874,8.2762864371312,3.348214,LKA,3,Allocate spatially
79.74979810497818,8.277699695193416,3.348214,LKA,3,Allocate spatially
79.74979866746895,8.27911295325563,3.348214,LKA,3,Allocate spatially
79.74979922995972,8.280526211317847,3.348214,LKA,3,Allocate spatially
79.74979979245049,8.281939469380063,3.348214,LKA,3,Allocate spatially
79.74980035494126,8.28335272744228,3.348214,LKA,3,Allocate spatially
79.74980091743203,8.284765985504496,3.348214,LKA,3,Allocate spatially
79.74980147992281,8.286179243566712,3.348214,LKA,3,Allocate spatially
79.74980204241358,8.287592501628927,3.348214,LKA,3,Allocate spatially
79.74980260490435,8.289005759691143,3.348214,LKA,3,Allocate spatially
79.74980316739511,8.29041901775336,3.348214,LKA,3,Allocate spatially
79.74980372988588,8.291832275815576,3.348214,LKA,3,Allocate spatially
79.74980429237665,8.293245533877792,3.348214,LKA,3,Allocate spatially
79.7496732798871,8.293838829991747,3.348214,LKA,3,Allocate spatially
79.74923164338954,8.292496348755074,3.348214,LKA,3,Allocate spatially
79.74879000689195,8.2911538675184,3.348214,LKA,3,Allocate spatially
79.74834837039438,8.289811386281727,3.348214,LKA,3,Allocate spatially
79.7479067338968,8.288468905045052,3.348214,LKA,3,Allocate spatially
79.74746509739921,8.28712642380838,3.348214,LKA,3,Allocate spatially
79.74702346090164,8.285783942571705,3.348214,LKA,3,Allocate spatially
79.74658182440406,8.284441461335032,3.348214,LKA,3,Allocate spatially
79.74614018790648,8.283098980098359,3.348214,LKA,3,Allocate spatially
79.7456985514089,8.281756498861684,3.348214,LKA,3,Allocate spatially
79.74525691491132,8.280414017625011,3.348214,LKA,3,Allocate spatially
79.74481527841374,8.279071536388336,3.348214,LKA,3,Allocate spatially
79.74437364191617,8.277729055151664,3.348214,LKA,3,Allocate spatially
79.74393200541859,8.27638657391499,3.348214,LKA,3,Allocate spatially
79.743490368921,8.275044092678316,3.348214,LKA,3,Allocate spatially
79.74304873242343,8.273701611441643,3.348214,LKA,3,Allocate spatially
79.74260709592585,8.272359130204968,3.348214,LKA,3,Allocate spatially
79.74216545942826,8.271016648968295,3.348214,LKA,3,Allocate spatially
79.7417238229307,8.26967416773162,3.348214,LKA,3,Allocate spatially
79.74128218643311,8.268331686494948,3.348214,LKA,3,Allocate spatially
79.74084054993554,8.266989205258273,3.348214,LKA,3,Allocate spatially
79.74039891343796,8.2656467240216,3.348214,LKA,3,Allocate spatially
79.73995727694037,8.264304242784927,3.348214,LKA,3,Allocate spatially
79.7395156404428,8.262961761548253,3.348214,LKA,3,Allocate spatially
79.73907400394522,8.26161928031158,3.348214,LKA,3,Allocate spatially
79.73863236744764,8.260276799074905,3.348214,LKA,3,Allocate spatially
79.73819073095007,8.258934317838232,3.348214,LKA,3,Allocate spatially
79.73774909445248,8.257591836601557,3.348214,LKA,3,Allocate spatially
79.7373074579549,8.256249355364885,3.348214,LKA,3,Allocate spatially
79.73686582145733,8.254906874128212,3.348214,LKA,3,Allocate spatially
79.73642418495974,8.253564392891537,3.348214,LKA,3,Allocate spatially
79.73598254846216,8.252221911654864,3.348214,LKA,3,Allocate spatially
79.73554091196459,8.25087943041819,3.348214,LKA,3,Allocate spatially
79.73509927546701,8.249536949181516,3.348214,LKA,3,Allocate spatially
79.73465763896942,8.248194467944842,3.348214,LKA,3,Allocate spatially
79.73421600247185,8.246851986708169,3.348214,LKA,3,Allocate spatially
79.73377436597427,8.245509505471496,3.348214,LKA,3,Allocate spatially
79.7333327294767,8.244167024234821,3.348214,LKA,3,Allocate spatially
79.73289109297912,8.242824542998148,3.348214,LKA,3,Allocate spatially
79.73244945648153,8.241482061761474,3.348214,LKA,3,Allocate spatially
79.73200781998396,8.2401395805248,3.348214,LKA,3,Allocate spatially
79.73156618348638,8.238797099288126,3.348214,LKA,3,Allocate spatially
79.7311245469888,8.237454618051453,3.348214,LKA,3,Allocate spatially
79.73068291049123,8.23611213681478,3.348214,LKA,3,Allocate spatially
79.73024127399364,8.234769655578106,3.348214,LKA,3,Allocate spatially
79.72979963749606,8.233427174341433,3.348214,LKA,3,Allocate spatially
79.72935800099849,8.232084693104758,3.348214,LKA,3,Allocate spatially
79.7289163645009,8.230742211868085,3.348214,LKA,3,Allocate spatially
79.72847472800332,8.229399730631412,3.348214,LKA,3,Allocate spatially
79.72803309150575,8.228057249394737,3.348214,LKA,3,Allocate spatially
79.72759145500817,8.226714768158065,3.348214,LKA,3,Allocate spatially
79.72714981851058,8.22537228692139,3.348214,LKA,3,Allocate spatially
79.72670818201301,8.224029805684717,3.348214,LKA,3,Allocate spatially
79.72626654551543,8.222687324448042,3.348214,LKA,3,Allocate spatially
79.72582490901786,8.22134484321137,3.348214,LKA,3,Allocate spatially
79.72538327252028,8.220002361974696,3.348214,LKA,3,Allocate spatially
79.72494163602269,8.218659880738022,3.348214,LKA,3,Allocate spatially
79.72449999952512,8.217317399501349,3.348214,LKA,3,Allocate spatially
79.72405836302754,8.215974918264674,3.348214,LKA,3,Allocate spatially
79.72361672652995,8.214632437028001,3.348214,LKA,3,Allocate spatially
79.72317509003238,8.213289955791327,3.348214,LKA,3,Allocate spatially
79.7227334535348,8.211947474554654,3.348214,LKA,3,Allocate spatially
79.72229181703722,8.210604993317979,3.348214,LKA,3,Allocate spatially
79.72185018053965,8.209262512081306,3.348214,LKA,3,Allocate spatially
79.72140854404206,8.207920030844633,3.348214,LKA,3,Allocate spatially
79.72096690754448,8.206577549607958,3.348214,LKA,3,Allocate spatially
79.72052527104691,8.205235068371286,3.348214,LKA,3,Allocate spatially
79.72008363454933,8.203892587134611,3.348214,LKA,3,Allocate spatially
79.71964199805174,8.202550105897938,3.348214,LKA,3,Allocate spatially
79.71920036155417,8.201207624661265,3.348214,LKA,3,Allocate spatially
79.71875872505659,8.19986514342459,3.348214,LKA,3,Allocate spatially
79.71831708855902,8.198522662187917,3.348214,LKA,3,Allocate spatially
79.71787545206143,8.197180180951243,3.348214,LKA,3,Allocate spatially
79.71743381556385,8.19583769971457,3.348214,LKA,3,Allocate spatially
79.71699217906628,8.194495218477895,3.348214,LKA,3,Allocate spatially
79.7165505425687,8.193152737241222,3.348214,LKA,3,Allocate spatially
79.71610890607111,8.191810256004548,3.348214,LKA,3,Allocate spatially
79.71566726957354,8.190467774767875,3.348214,LKA,3,Allocate spatially
79.71522563307596,8.189125293531202,3.348214,LKA,3,Allocate spatially
79.71478399657838,8.187782812294527,3.348214,LKA,3,Allocate spatially
79.7143423600808,8.186440331057854,3.348214,LKA,3,Allocate spatially
79.71390072358322,8.18509784982118,3.348214,LKA,3,Allocate spatially
79.71345908708564,8.183755368584507,3.348214,LKA,3,Allocate spatially
79.71301745058807,8.182412887347832,3.348214,LKA,3,Allocate spatially
79.71292977415125,8.18100560121242,3.348214,LKA,3,Allocate spatially
79.71286712947861,8.179593732127907,3.348214,LKA,3,Allocate spatially
79.71280448480596,8.178181863043394,3.348214,LKA,3,Allocate spatially
79.7127418401333,8.176769993958882,3.348214,LKA,3,Allocate spatially
79.71267919546065,8.175358124874368,3.348214,LKA,3,Allocate spatially
79.71261655078801,8.173946255789856,3.348214,LKA,3,Allocate spatially
79.71255390611536,8.172534386705342,3.348214,LKA,3,Allocate spatially
79.71249126144271,8.171122517620828,3.348214,LKA,3,Allocate spatially
79.71242861677005,8.169710648536316,3.348214,LKA,3,Allocate spatially
79.7123659720974,8.168298779451803,3.348214,LKA,3,Allocate spatially
79.71230332742476,8.16688691036729,3.348214,LKA,3,Allocate spatially
79.71224068275211,8.165475041282777,3.348214,LKA,3,Allocate spatially
79.71217803807946,8.164063172198265,3.348214,LKA,3,Allocate spatially
79.7121153934068,8.162651303113751,3.348214,LKA,3,Allocate spatially
79.71205274873417,8.16123943402924,3.348214,LKA,3,Allocate spatially
79.71199010406151,8.159827564944726,3.348214,LKA,3,Allocate spatially
79.71192745938886,8.158415695860214,3.348214,LKA,3,Allocate spatially
79.71186481471621,8.1570038267757,3.348214,LKA,3,Allocate spatially
79.71180217004357,8.155591957691188,3.348214,LKA,3,Allocate spatially
79.71173952537092,8.154180088606674,3.348214,LKA,3,Allocate spatially
79.71167688069826,8.152768219522162,3.348214,LKA,3,Allocate spatially
79.71161423602561,8.1513563504376485,3.348214,LKA,3,Allocate spatially
79.71155159135297,8.149944481353137,3.348214,LKA,3,Allocate spatially
79.71148894668032,8.148532612268623,3.348214,LKA,3,Allocate spatially
79.71142630200767,8.14712074318411,3.348214,LKA,3,Allocate spatially
79.71136365733501,8.145708874099597,3.348214,LKA,3,Allocate spatially
79.71130101266236,8.144297005015085,3.348214,LKA,3,Allocate spatially
79.71123836798972,8.142885135930571,3.348214,LKA,3,Allocate spatially
79.71117572331707,8.14147326684606,3.348214,LKA,3,Allocate spatially
79.71111307864442,8.140061397761546,3.348214,LKA,3,Allocate spatially
79.71105043397176,8.138649528677034,3.348214,LKA,3,Allocate spatially
79.71098778929912,8.13723765959252,3.348214,LKA,3,Allocate spatially
79.71092514462647,8.135825790508008,3.348214,LKA,3,Allocate spatially
79.71086249995382,8.134413921423494,3.348214,LKA,3,Allocate spatially
79.71079985528117,8.133002052338982,3.348214,LKA,3,Allocate spatially
79.71073721060853,8.131590183254469,3.348214,LKA,3,Allocate spatially
79.71067456593588,8.130178314169957,3.348214,LKA,3,Allocate spatially
79.71061192126322,8.128766445085443,3.348214,LKA,3,Allocate spatially
79.71054927659057,8.12735457600093,3.348214,LKA,3,Allocate spatially
79.71048663191792,8.125942706916417,3.348214,LKA,3,Allocate spatially
79.71042398724528,8.124530837831903,3.348214,LKA,3,Allocate spatially
79.71036134257263,8.123118968747391,3.348214,LKA,3,Allocate spatially
79.71029869789997,8.121707099662878,3.348214,LKA,3,Allocate spatially
79.71023605322732,8.120295230578366,3.348214,LKA,3,Allocate spatially
79.71017340855468,8.118883361493852,3.348214,LKA,3,Allocate spatially
79.71011076388203,8.11747149240934,3.348214,LKA,3,Allocate spatially
79.71004811920938,8.116059623324826,3.348214,LKA,3,Allocate spatially
79.70998547453672,8.114647754240314,3.348214,LKA,3,Allocate spatially
79.70992282986408,8.1132358851558,3.348214,LKA,3,Allocate spatially
79.70986018519143,8.111824016071289,3.348214,LKA,3,Allocate spatially
79.70979754051878,8.110412146986775,3.348214,LKA,3,Allocate spatially
79.70973489584613,8.109000277902263,3.348214,LKA,3,Allocate spatially
79.70967225117349,8.10758840881775,3.348214,LKA,3,Allocate spatially
79.70960960650083,8.106176539733237,3.348214,LKA,3,Allocate spatially
79.70954696182818,8.104764670648724,3.348214,LKA,3,Allocate spatially
79.70948431715553,8.103352801564212,3.348214,LKA,3,Allocate spatially
79.70942167248288,8.101940932479698,3.348214,LKA,3,Allocate spatially
79.70935902781024,8.100529063395186,3.348214,LKA,3,Allocate spatially
79.70929638313758,8.099117194310672,3.348214,LKA,3,Allocate spatially
79.70923373846493,8.09770532522616,3.348214,LKA,3,Allocate spatially
79.70917109379228,8.096293456141646,3.348214,LKA,3,Allocate spatially
79.70910844911964,8.094881587057134,3.348214,LKA,3,Allocate spatially
79.70904580444699,8.09346971797262,3.348214,LKA,3,Allocate spatially
79.70898315977433,8.092057848888109,3.348214,LKA,3,Allocate spatially
79.70892051510168,8.090645979803595,3.348214,LKA,3,Allocate spatially
79.70885787042904,8.089234110719083,3.348214,LKA,3,Allocate spatially
79.70879522575639,8.08782224163457,3.348214,LKA,3,Allocate spatially
79.70873258108374,8.086410372550056,3.348214,LKA,3,Allocate spatially
79.70866993641108,8.084998503465544,3.348214,LKA,3,Allocate spatially
79.70860729173843,8.08358663438103,3.348214,LKA,3,Allocate spatially
79.70854464706579,8.082174765296518,3.348214,LKA,3,Allocate spatially
79.70848200239314,8.080762896212004,3.348214,LKA,3,Allocate spatially
79.70841935772049,8.079351027127492,3.348214,LKA,3,Allocate spatially
79.70835671304783,8.077939158042978,3.348214,LKA,3,Allocate spatially
79.7082940683752,8.0765272889584665,3.348214,LKA,3,Allocate spatially
79.70823142370254,8.075115419873953,3.348214,LKA,3,Allocate spatially
79.70816877902989,8.07370355078944,3.348214,LKA,3,Allocate spatially
79.70810613435724,8.072291681704927,3.348214,LKA,3,Allocate spatially
79.7080434896846,8.070879812620415,3.348214,LKA,3,Allocate spatially
79.70798084501195,8.069467943535901,3.348214,LKA,3,Allocate spatially
79.7079182003393,8.06805607445139,3.348214,LKA,3,Allocate spatially
79.70785555566664,8.066644205366876,3.348214,LKA,3,Allocate spatially
79.70789654906905,8.065239968089665,3.348214,LKA,3,Allocate spatially
79.70816533383636,8.063852505147572,3.348214,LKA,3,Allocate spatially
79.70843411860366,8.062465042205481,3.348214,LKA,3,Allocate spatially
79.70870290337096,8.061077579263388,3.348214,LKA,3,Allocate spatially
79.70897168813828,8.059690116321297,3.348214,LKA,3,Allocate spatially
79.70924047290558,8.058302653379204,3.348214,LKA,3,Allocate spatially
79.70950925767288,8.056915190437113,3.348214,LKA,3,Allocate spatially
79.70977804244019,8.05552772749502,3.348214,LKA,3,Allocate spatially
79.71004682720749,8.054140264552927,3.348214,LKA,3,Allocate spatially
79.7103156119748,8.052752801610836,3.348214,LKA,3,Allocate spatially
79.7105843967421,8.051365338668743,3.348214,LKA,3,Allocate spatially
79.7108531815094,8.04997787572665,3.348214,LKA,3,Allocate spatially
79.71112196627672,8.04859041278456,3.348214,LKA,3,Allocate spatially
79.71139075104402,8.047202949842466,3.348214,LKA,3,Allocate spatially
79.71165953581132,8.045815486900375,3.348214,LKA,3,Allocate spatially
79.71192832057864,8.044428023958282,3.348214,LKA,3,Allocate spatially
79.71219710534594,8.04304056101619,3.348214,LKA,3,Allocate spatially
79.71246589011324,8.041653098074098,3.348214,LKA,3,Allocate spatially
79.71273467488055,8.040265635132005,3.348214,LKA,3,Allocate spatially
79.71300345964785,8.038878172189914,3.348214,LKA,3,Allocate spatially
79.71327224441517,8.037490709247821,3.348214,LKA,3,Allocate spatially
79.71354102918247,8.03610324630573,3.348214,LKA,3,Allocate spatially
79.71380981394977,8.034715783363637,3.348214,LKA,3,Allocate spatially
79.71407859871708,8.033328320421544,3.348214,LKA,3,Allocate spatially
79.71434738348438,8.031940857479453,3.348214,LKA,3,Allocate spatially
79.71461616825168,8.03055339453736,3.348214,LKA,3,Allocate spatially
79.714884953019,8.029165931595267,3.348214,LKA,3,Allocate spatially
79.7151537377863,8.027778468653176,3.348214,LKA,3,Allocate spatially
79.71542252255361,8.026391005711083,3.348214,LKA,3,Allocate spatially
79.71569130732091,8.025003542768992,3.348214,LKA,3,Allocate spatially
79.71596009208821,8.0236160798269,3.348214,LKA,3,Allocate spatially
79.71622887685552,8.022228616884806,3.348214,LKA,3,Allocate spatially
79.71649766162282,8.020841153942715,3.348214,LKA,3,Allocate spatially
79.71676644639012,8.019453691000622,3.348214,LKA,3,Allocate spatially
79.71703523115744,8.018066228058531,3.348214,LKA,3,Allocate spatially
79.71730401592474,8.016678765116438,3.348214,LKA,3,Allocate spatially
79.71757280069205,8.015291302174345,3.348214,LKA,3,Allocate spatially
79.71784158545935,8.013903839232254,3.348214,LKA,3,Allocate spatially
79.71811037022665,8.012516376290161,3.348214,LKA,3,Allocate spatially
79.71837915499397,8.01112891334807,3.348214,LKA,3,Allocate spatially
79.71864793976127,8.009741450405977,3.348214,LKA,3,Allocate spatially
79.71891672452857,8.008353987463884,3.348214,LKA,3,Allocate spatially
79.71918550929588,8.006966524521793,3.348214,LKA,3,Allocate spatially
79.71945429406318,8.0055790615797,3.348214,LKA,3,Allocate spatially
79.7197230788305,8.00419159863761,3.348214,LKA,3,Allocate spatially
79.7199918635978,8.002804135695516,3.348214,LKA,3,Allocate spatially
79.7202606483651,8.001416672753423,3.348214,LKA,3,Allocate spatially
79.72052943313241,8.000029209811332,3.348214,LKA,3,Allocate spatially
79.72079821789971,7.99864174686924,3.348214,LKA,3,Allocate spatially
79.72106700266701,7.997254283927147,3.348214,LKA,3,Allocate spatially
79.72133578743433,7.995866820985055,3.348214,LKA,3,Allocate spatially
79.72160457220163,7.994479358042963,3.348214,LKA,3,Allocate spatially
79.72187335696894,7.9930918951008705,3.348214,LKA,3,Allocate spatially
79.72214214173624,7.9917044321587785,3.348214,LKA,3,Allocate spatially
79.72241092650354,7.990316969216686,3.348214,LKA,3,Allocate spatially
79.72267971127086,7.988929506274594,3.348214,LKA,3,Allocate spatially
79.72294849603816,7.987542043332502,3.348214,LKA,3,Allocate spatially
79.72321728080546,7.98615458039041,3.348214,LKA,3,Allocate spatially
79.72348606557277,7.9847671174483175,3.348214,LKA,3,Allocate spatially
79.72375485034007,7.9833796545062254,3.348214,LKA,3,Allocate spatially
79.72402363510737,7.981992191564133,3.348214,LKA,3,Allocate spatially
79.72429241987469,7.980604728622041,3.348214,LKA,3,Allocate spatially
79.72456120464199,7.979217265679949,3.348214,LKA,3,Allocate spatially
79.7248299894093,7.9778298027378565,3.348214,LKA,3,Allocate spatially
79.7250987741766,7.9764423397957644,3.348214,LKA,3,Allocate spatially
79.7253675589439,7.975054876853672,3.348214,LKA,3,Allocate spatially
79.72563634371122,7.97366741391158,3.348214,LKA,3,Allocate spatially
79.72590512847852,7.972279950969488,3.348214,LKA,3,Allocate spatially
79.72617391324582,7.9708924880273955,3.348214,LKA,3,Allocate spatially
79.72644269801313,7.9695050250853035,3.348214,LKA,3,Allocate spatially
79.72671148278043,7.968117562143211,3.348214,LKA,3,Allocate spatially
79.72698026754775,7.966730099201119,3.348214,LKA,3,Allocate spatially
79.72724905231505,7.965342636259027,3.348214,LKA,3,Allocate spatially
79.72751783708235,7.9639551733169345,3.348214,LKA,3,Allocate spatially
79.72778662184966,7.9625677103748425,3.348214,LKA,3,Allocate spatially
79.72805540661696,7.96118024743275,3.348214,LKA,3,Allocate spatially
79.72832419138426,7.959792784490658,3.348214,LKA,3,Allocate spatially
79.72859297615157,7.958405321548566,3.348214,LKA,3,Allocate spatially
79.72886176091887,7.9570178586064735,3.348214,LKA,3,Allocate spatially
79.72913054568619,7.9556303956643815,3.348214,LKA,3,Allocate spatially
79.72939933045349,7.954242932722289,3.348214,LKA,3,Allocate spatially
79.72966811522079,7.952855469780197,3.348214,LKA,3,Allocate spatially
79.7299368999881,7.951468006838105,3.348214,LKA,3,Allocate spatially
79.7302056847554,7.9500805438960125,3.348214,LKA,3,Allocate spatially
79.7304744695227,7.9486930809539205,3.348214,LKA,3,Allocate spatially
79.73074325429002,7.9473056180118284,3.348214,LKA,3,Allocate spatially
79.73101203905732,7.945918155069736,3.348214,LKA,3,Allocate spatially
79.73128082382463,7.944530692127644,3.348214,LKA,3,Allocate spatially
79.73154960859193,7.943143229185552,3.348214,LKA,3,Allocate spatially
79.73181839335923,7.9417557662434595,3.348214,LKA,3,Allocate spatially
79.73208717812655,7.9403683033013674,3.348214,LKA,3,Allocate spatially
79.73235596289385,7.938980840359275,3.348214,LKA,3,Allocate spatially
79.73262474766115,7.937593377417183,3.348214,LKA,3,Allocate spatially
79.73289353242846,7.9362059144750905,3.348214,LKA,3,Allocate spatially
79.73316231719576,7.9348184515329985,3.348214,LKA,3,Allocate spatially
79.73343110196306,7.9334309885909065,3.348214,LKA,3,Allocate spatially
79.73369988673038,7.932043525648814,3.348214,LKA,3,Allocate spatially
79.73396867149768,7.930656062706722,3.348214,LKA,3,Allocate spatially
79.73423745626499,7.9292685997646295,3.348214,LKA,3,Allocate spatially
79.73450624103229,7.9278811368225375,3.348214,LKA,3,Allocate spatially
79.73477502579959,7.9264936738804455,3.348214,LKA,3,Allocate spatially
79.7350438105669,7.925106210938353,3.348214,LKA,3,Allocate spatially
79.73531259533421,7.923718747996261,3.348214,LKA,3,Allocate spatially
79.73558138010151,7.922331285054169,3.348214,LKA,3,Allocate spatially
79.73585016486882,7.9209438221120765,3.348214,LKA,3,Allocate spatially
79.73611894963612,7.9195563591699845,3.348214,LKA,3,Allocate spatially
79.73638773440344,7.918168896227892,3.348214,LKA,3,Allocate spatially
79.73665651917074,7.9167814332858,3.348214,LKA,3,Allocate spatially
79.73692530393804,7.9153939703437075,3.348214,LKA,3,Allocate spatially
79.73719408870535,7.9140065074016155,3.348214,LKA,3,Allocate spatially
79.73746287347265,7.9126190444595235,3.348214,LKA,3,Allocate spatially
79.73773165823995,7.9112315815174314,3.348214,LKA,3,Allocate spatially
79.73800044300727,7.9098441185753385,3.348214,LKA,3,Allocate spatially
79.73826922777457,7.9084566556332465,3.348214,LKA,3,Allocate spatially
79.73853801254188,7.9070691926911545,3.348214,LKA,3,Allocate spatially
79.73880679730918,7.9056817297490625,3.348214,LKA,3,Allocate spatially
79.73907558207648,7.9042942668069704,3.348214,LKA,3,Allocate spatially
79.7393443668438,7.902906803864878,3.348214,LKA,3,Allocate spatially
79.7396131516111,7.9015193409227855,3.348214,LKA,3,Allocate spatially
79.7398819363784,7.9001318779806935,3.348214,LKA,3,Allocate spatially
79.74015072114571,7.8987444150386015,3.348214,LKA,3,Allocate spatially
79.74041950591301,7.8973569520965095,3.348214,LKA,3,Allocate spatially
79.74068829068032,7.895969489154417,3.348214,LKA,3,Allocate spatially
79.74095707544762,7.8945820262123245,3.348214,LKA,3,Allocate spatially
79.74122586021493,7.8931945632702325,3.348214,LKA,3,Allocate spatially
79.74149464498224,7.8918071003281405,3.348214,LKA,3,Allocate spatially
79.74176342974954,7.8904196373860485,3.348214,LKA,3,Allocate spatially
79.74203221451684,7.8890321744439555,3.348214,LKA,3,Allocate spatially
79.74230099928415,7.8876447115018635,3.348214,LKA,3,Allocate spatially
79.74256978405145,7.8862572485597715,3.348214,LKA,3,Allocate spatially
79.74283856881877,7.8848697856176795,3.348214,LKA,3,Allocate spatially
79.74310735358607,7.8834823226755875,3.348214,LKA,3,Allocate spatially
79.74337613835337,7.882094859733495,3.348214,LKA,3,Allocate spatially
79.74364492312068,7.8807073967914025,3.348214,LKA,3,Allocate spatially
79.74391370788798,7.8793199338493105,3.348214,LKA,3,Allocate spatially
79.74418249265528,7.8779324709072185,3.348214,LKA,3,Allocate spatially
79.7444512774226,7.8765450079651265,3.348214,LKA,3,Allocate spatially
79.7447200621899,7.8751575450230344,3.348214,LKA,3,Allocate spatially
79.7449888469572,7.8737700820809415,3.348214,LKA,3,Allocate spatially
79.74525763172451,7.8723826191388495,3.348214,LKA,3,Allocate spatially
79.74552641649181,7.8709951561967575,3.348214,LKA,3,Allocate spatially
79.74579520125913,7.8696076932546655,3.348214,LKA,3,Allocate spatially
79.74606398602643,7.868220230312573,3.348214,LKA,3,Allocate spatially
79.74633277079373,7.8668327673704805,3.348214,LKA,3,Allocate spatially
79.74660155556104,7.8654453044283885,3.348214,LKA,3,Allocate spatially
79.74687034032834,7.8640578414862965,3.348214,LKA,3,Allocate spatially
79.74713912509564,7.8626703785442045,3.348214,LKA,3,Allocate spatially
79.74740790986296,7.8612829156021125,3.348214,LKA,3,Allocate spatially
79.74767669463026,7.8598954526600195,3.348214,LKA,3,Allocate spatially
79.74794547939757,7.8585079897179275,3.348214,LKA,3,Allocate spatially
79.74821426416487,7.8571205267758355,3.348214,LKA,3,Allocate spatially
79.74848304893217,7.8557330638337435,3.348214,LKA,3,Allocate spatially
79.74875183369949,7.8543456008916515,3.348214,LKA,3,Allocate spatially
79.74902061846679,7.8529581379495585,3.348214,LKA,3,Allocate spatially
79.74928940323409,7.8515706750074665,3.348214,LKA,3,Allocate spatially
79.7495581880014,7.8501832120653745,3.348214,LKA,3,Allocate spatially
79.7498269727687,7.8487957491232825,3.348214,LKA,3,Allocate spatially
79.75009575753602,7.84740828618119,3.348214,LKA,3,Allocate spatially
79.75036454230332,7.8460208232390976,3.348214,LKA,3,Allocate spatially
79.75063332707062,7.8446333602970055,3.348214,LKA,3,Allocate spatially
79.75090211183793,7.8432458973549135,3.348214,LKA,3,Allocate spatially
79.75117089660523,7.8418584344128215,3.348214,LKA,3,Allocate spatially
79.75143968137253,7.8404709714707295,3.348214,LKA,3,Allocate spatially
79.75170846613985,7.839083508528637,3.348214,LKA,3,Allocate spatially
79.75197725090715,7.8376960455865445,3.348214,LKA,3,Allocate spatially
79.75224603567446,7.8363085826444525,3.348214,LKA,3,Allocate spatially
79.75251482044176,7.8349211197023605,3.348214,LKA,3,Allocate spatially
79.75278360520906,7.833533656760268,3.348214,LKA,3,Allocate spatially
79.75305238997638,7.832146193818176,3.348214,LKA,3,Allocate spatially
79.75332117474368,7.8307587308760835,3.348214,LKA,3,Allocate spatially
79.75358995951098,7.8293712679339915,3.348214,LKA,3,Allocate spatially
79.75385874427829,7.8279838049918995,3.348214,LKA,3,Allocate spatially
79.75412752904559,7.8265963420498075,3.348214,LKA,3,Allocate spatially
79.75439631381289,7.825208879107715,3.348214,LKA,3,Allocate spatially
79.7546650985802,7.8238214161656225,3.348214,LKA,3,Allocate spatially
79.7549338833475,7.8224339532235305,3.348214,LKA,3,Allocate spatially
79.75520266811482,7.8210464902814385,3.348214,LKA,3,Allocate spatially
79.75547145288212,7.8196590273393465,3.348214,LKA,3,Allocate spatially
79.75574023764942,7.818271564397254,3.348214,LKA,3,Allocate spatially
79.75600902241673,7.8168841014551615,3.348214,LKA,3,Allocate spatially
79.75627780718403,7.8154966385130695,3.348214,LKA,3,Allocate spatially
79.75654659195133,7.8141091755709775,3.348214,LKA,3,Allocate spatially
79.75681537671865,7.812721712628885,3.348214,LKA,3,Allocate spatially
79.75708416148595,7.811334249686793,3.348214,LKA,3,Allocate spatially
79.75735294625326,7.8099467867447006,3.348214,LKA,3,Allocate spatially
79.75762173102056,7.8085593238026085,3.348214,LKA,3,Allocate spatially
79.75789051578786,7.807171860860516,3.348214,LKA,3,Allocate spatially
79.75815930055518,7.8057843979184245,3.348214,LKA,3,Allocate spatially
79.75842808532248,7.804396934976332,3.348214,LKA,3,Allocate spatially
79.75869687008978,7.80300947203424,3.348214,LKA,3,Allocate spatially
79.758965654857093,7.8016220090921475,3.348214,LKA,3,Allocate spatially
79.7592344396244,7.8002345461500555,3.348214,LKA,3,Allocate spatially
79.75950322439171,7.7988470832079635,3.348214,LKA,3,Allocate spatially
79.75977200915901,7.797459620265871,3.348214,LKA,3,Allocate spatially
79.76002406250375,7.7960692657429185,3.348214,LKA,3,Allocate spatially
79.7602365318093,7.794672070172852,3.348214,LKA,3,Allocate spatially
79.76044900111484,7.793274874602785,3.348214,LKA,3,Allocate spatially
79.76066147042039,7.791877679032718,3.348214,LKA,3,Allocate spatially
79.76087393972594,7.790480483462651,3.348214,LKA,3,Allocate spatially
79.76108640903148,7.789083287892584,3.348214,LKA,3,Allocate spatially
79.76129887833703,7.7876860923225175,3.348214,LKA,3,Allocate spatially
79.76151134764258,7.78628889675245,3.348214,LKA,3,Allocate spatially
79.76172381694812,7.784891701182383,3.348214,LKA,3,Allocate spatially
79.76193628625367,7.783494505612316,3.348214,LKA,3,Allocate spatially
79.76214875555922,7.782097310042249,3.348214,LKA,3,Allocate spatially
79.76236122486478,7.780700114472182,3.348214,LKA,3,Allocate spatially
79.76257369417031,7.779302918902116,3.348214,LKA,3,Allocate spatially
79.76278616347587,7.777905723332048,3.348214,LKA,3,Allocate spatially
79.76299863278142,7.776508527761981,3.348214,LKA,3,Allocate spatially
79.76321110208696,7.775111332191915,3.348214,LKA,3,Allocate spatially
79.76342357139251,7.773714136621848,3.348214,LKA,3,Allocate spatially
79.76363604069806,7.7723169410517805,3.348214,LKA,3,Allocate spatially
79.7638485100036,7.770919745481714,3.348214,LKA,3,Allocate spatially
79.76406097930915,7.769522549911647,3.348214,LKA,3,Allocate spatially
79.7642734486147,7.76812535434158,3.348214,LKA,3,Allocate spatially
79.76448591792024,7.766728158771513,3.348214,LKA,3,Allocate spatially
79.76469838722579,7.765330963201446,3.348214,LKA,3,Allocate spatially
79.76491085653134,7.763933767631379,3.348214,LKA,3,Allocate spatially
79.76512332583688,7.762536572061312,3.348214,LKA,3,Allocate spatially
79.76533579514243,7.761139376491245,3.348214,LKA,3,Allocate spatially
79.76554826444799,7.759742180921178,3.348214,LKA,3,Allocate spatially
79.76576073375354,7.758344985351111,3.348214,LKA,3,Allocate spatially
79.76597320305908,7.756947789781044,3.348214,LKA,3,Allocate spatially
79.76618567236463,7.755550594210977,3.348214,LKA,3,Allocate spatially
79.76639814167018,7.75415339864091,3.348214,LKA,3,Allocate spatially
79.76661061097572,7.7527562030708435,3.348214,LKA,3,Allocate spatially
79.76682308028127,7.751359007500777,3.348214,LKA,3,Allocate spatially
79.76703554958682,7.749961811930709,3.348214,LKA,3,Allocate spatially
79.76724801889236,7.7485646163606425,3.348214,LKA,3,Allocate spatially
79.76746048819791,7.747167420790576,3.348214,LKA,3,Allocate spatially
79.76767295750346,7.745770225220509,3.348214,LKA,3,Allocate spatially
79.767885426809,7.744373029650442,3.348214,LKA,3,Allocate spatially
79.76809789611455,7.742975834080375,3.348214,LKA,3,Allocate spatially
79.7683103654201,7.741578638510308,3.348214,LKA,3,Allocate spatially
79.76852283472566,7.740181442940241,3.348214,LKA,3,Allocate spatially
79.7687353040312,7.738784247370174,3.348214,LKA,3,Allocate spatially
79.76894777333675,7.737387051800107,3.348214,LKA,3,Allocate spatially
79.7691602426423,7.735989856230041,3.348214,LKA,3,Allocate spatially
79.76937271194784,7.734592660659973,3.348214,LKA,3,Allocate spatially
79.76958518125339,7.733195465089906,3.348214,LKA,3,Allocate spatially
79.76979765055894,7.731798269519839,3.348214,LKA,3,Allocate spatially
79.77001011986448,7.730401073949772,3.348214,LKA,3,Allocate spatially
79.77022258917003,7.7290038783797055,3.348214,LKA,3,Allocate spatially
79.77043505847558,7.727606682809639,3.348214,LKA,3,Allocate spatially
79.77064752778112,7.726209487239571,3.348214,LKA,3,Allocate spatially
79.77085999708667,7.724812291669505,3.348214,LKA,3,Allocate spatially
79.77107246639223,7.723415096099438,3.348214,LKA,3,Allocate spatially
79.77128493569776,7.72201790052937,3.348214,LKA,3,Allocate spatially
79.77149740500332,7.720620704959304,3.348214,LKA,3,Allocate spatially
79.77170987430887,7.719223509389237,3.348214,LKA,3,Allocate spatially
79.77192234361442,7.71782631381917,3.348214,LKA,3,Allocate spatially
79.77213481291996,7.716429118249103,3.348214,LKA,3,Allocate spatially
79.77234728222551,7.715031922679036,3.348214,LKA,3,Allocate spatially
79.77255975153106,7.7136347271089685,3.348214,LKA,3,Allocate spatially
79.7727722208366,7.712237531538902,3.348214,LKA,3,Allocate spatially
79.77298469014215,7.710840335968835,3.348214,LKA,3,Allocate spatially
79.7731971594477,7.709443140398768,3.348214,LKA,3,Allocate spatially
79.77340962875324,7.708045944828701,3.348214,LKA,3,Allocate spatially
79.7736220980588,7.706648749258634,3.348214,LKA,3,Allocate spatially
79.77383456736435,7.7052515536885675,3.348214,LKA,3,Allocate spatially
79.77404703666988,7.7038543581185,3.348214,LKA,3,Allocate spatially
79.77425950597544,7.702457162548433,3.348214,LKA,3,Allocate spatially
79.77447197528099,7.701059966978367,3.348214,LKA,3,Allocate spatially
79.77468444458653,7.6996627714083,3.348214,LKA,3,Allocate spatially
79.77489691389208,7.698265575838232,3.348214,LKA,3,Allocate spatially
79.77510938319763,7.696868380268166,3.348214,LKA,3,Allocate spatially
79.77532185250318,7.695471184698099,3.348214,LKA,3,Allocate spatially
79.77553432180872,7.694073989128032,3.348214,LKA,3,Allocate spatially
79.77574679111427,7.692676793557965,3.348214,LKA,3,Allocate spatially
79.77595926041982,7.691279597987898,3.348214,LKA,3,Allocate spatially
79.77617172972536,7.6898824024178305,3.348214,LKA,3,Allocate spatially
79.77638419903091,7.688485206847764,3.348214,LKA,3,Allocate spatially
79.77659666833647,7.687088011277697,3.348214,LKA,3,Allocate spatially
79.776809137642,7.6856908157076305,3.348214,LKA,3,Allocate spatially
79.77702160694756,7.684293620137563,3.348214,LKA,3,Allocate spatially
79.77723407625311,7.682896424567496,3.348214,LKA,3,Allocate spatially
79.77744654555865,7.6814992289974295,3.348214,LKA,3,Allocate spatially
79.7776590148642,7.680102033427362,3.348214,LKA,3,Allocate spatially
79.77787148416975,7.678704837857295,3.348214,LKA,3,Allocate spatially
79.7780839534753,7.677307642287229,3.348214,LKA,3,Allocate spatially
79.77829642278084,7.675910446717161,3.348214,LKA,3,Allocate spatially
79.77850889208639,7.674513251147094,3.348214,LKA,3,Allocate spatially
79.77872136139194,7.673116055577028,3.348214,LKA,3,Allocate spatially
79.77893383069748,7.67171886000696,3.348214,LKA,3,Allocate spatially
79.77914630000303,7.6703216644368934,3.348214,LKA,3,Allocate spatially
79.77935876930859,7.668924468866827,3.348214,LKA,3,Allocate spatially
79.77957123861412,7.66752727329676,3.348214,LKA,3,Allocate spatially
79.77978370791968,7.6661300777266925,3.348214,LKA,3,Allocate spatially
79.77999617722523,7.664732882156626,3.348214,LKA,3,Allocate spatially
79.78020864653077,7.663335686586559,3.348214,LKA,3,Allocate spatially
79.78042111583632,7.661938491016492,3.348214,LKA,3,Allocate spatially
79.78063358514187,7.660541295446425,3.348214,LKA,3,Allocate spatially
79.78084605444741,7.659144099876358,3.348214,LKA,3,Allocate spatially
79.78105852375296,7.657746904306291,3.348214,LKA,3,Allocate spatially
79.78127099305851,7.656349708736224,3.348214,LKA,3,Allocate spatially
79.78148346236406,7.654952513166157,3.348214,LKA,3,Allocate spatially
79.7816959316696,7.653555317596091,3.348214,LKA,3,Allocate spatially
79.78190840097515,7.652158122026023,3.348214,LKA,3,Allocate spatially
79.7821208702807,7.650760926455956,3.348214,LKA,3,Allocate spatially
79.78233333958624,7.64936373088589,3.348214,LKA,3,Allocate spatially
79.7825458088918,7.647966535315822,3.348214,LKA,3,Allocate spatially
79.78275827819735,7.6465693397457555,3.348214,LKA,3,Allocate spatially
79.78297074750289,7.645172144175689,3.348214,LKA,3,Allocate spatially
79.78318321680844,7.643774948605622,3.348214,LKA,3,Allocate spatially
79.78339568611399,7.6423777530355546,3.348214,LKA,3,Allocate spatially
79.78360815541953,7.640980557465488,3.348214,LKA,3,Allocate spatially
79.78382062472508,7.63958336189542,3.348214,LKA,3,Allocate spatially
79.78403309403063,7.638186166325354,3.348214,LKA,3,Allocate spatially
79.78424556333619,7.636788970755287,3.348214,LKA,3,Allocate spatially
79.78445803264172,7.63539177518522,3.348214,LKA,3,Allocate spatially
79.78467050194728,7.633994579615153,3.348214,LKA,3,Allocate spatially
79.78488297125283,7.632597384045086,3.348214,LKA,3,Allocate spatially
79.785095440558365,7.631200188475019,3.348214,LKA,3,Allocate spatially
79.78530790986392,7.629802992904952,3.348214,LKA,3,Allocate spatially
79.78552037916947,7.628405797334885,3.348214,LKA,3,Allocate spatially
79.785732848475,7.627008601764818,3.348214,LKA,3,Allocate spatially
79.78594531778056,7.625611406194752,3.348214,LKA,3,Allocate spatially
79.78615778708611,7.624214210624684,3.348214,LKA,3,Allocate spatially
79.78637025639165,7.6228170150546175,3.348214,LKA,3,Allocate spatially
79.7865827256972,7.621419819484551,3.348214,LKA,3,Allocate spatially
79.78679519500275,7.620022623914483,3.348214,LKA,3,Allocate spatially
79.78700766430829,7.618625428344417,3.348214,LKA,3,Allocate spatially
79.78722013361384,7.61722823277435,3.348214,LKA,3,Allocate spatially
79.7874326029194,7.615831037204283,3.348214,LKA,3,Allocate spatially
79.78764507222495,7.614433841634216,3.348214,LKA,3,Allocate spatially
79.78785754153049,7.613036646064149,3.348214,LKA,3,Allocate spatially
79.78807001083604,7.611639450494082,3.348214,LKA,3,Allocate spatially
79.78828248014159,7.610242254924015,3.348214,LKA,3,Allocate spatially
79.78849494944713,7.608845059353948,3.348214,LKA,3,Allocate spatially
79.78870741875268,7.607447863783881,3.348214,LKA,3,Allocate spatially
79.78891988805823,7.606050668213814,3.348214,LKA,3,Allocate spatially
79.78913235736377,7.604653472643747,3.348214,LKA,3,Allocate spatially
79.78934482666932,7.6032562770736805,3.348214,LKA,3,Allocate spatially
79.78955729597487,7.601859081503614,3.348214,LKA,3,Allocate spatially
79.78976976528041,7.600461885933546,3.348214,LKA,3,Allocate spatially
79.78998223458596,7.5990646903634795,3.348214,LKA,3,Allocate spatially
79.79019470389152,7.597667494793413,3.348214,LKA,3,Allocate spatially
79.79040717319707,7.596270299223345,3.348214,LKA,3,Allocate spatially
79.7906196425026,7.594873103653279,3.348214,LKA,3,Allocate spatially
79.79083211180816,7.593475908083212,3.348214,LKA,3,Allocate spatially
79.79104458111371,7.592078712513145,3.348214,LKA,3,Allocate spatially
79.79125705041925,7.590681516943078,3.348214,LKA,3,Allocate spatially
79.7914695197248,7.589284321373011,3.348214,LKA,3,Allocate spatially
79.79168198903035,7.5878871258029434,3.348214,LKA,3,Allocate spatially
79.79189445833589,7.586489930232877,3.348214,LKA,3,Allocate spatially
79.792099918832207,7.5850918906452955,3.348214,LKA,3,Allocate spatially
79.7922252208293,7.5836841981801815,3.348214,LKA,3,Allocate spatially
79.79235052282638,7.5822765057150665,3.348214,LKA,3,Allocate spatially
79.79247582482347,7.580868813249952,3.348214,LKA,3,Allocate spatially
79.79260112682056,7.5794611207848375,3.348214,LKA,3,Allocate spatially
79.79272642881764,7.5780534283197225,3.348214,LKA,3,Allocate spatially
79.79285173081473,7.576645735854608,3.348214,LKA,3,Allocate spatially
79.79297703281182,7.575238043389494,3.348214,LKA,3,Allocate spatially
79.7931023348089,7.573830350924379,3.348214,LKA,3,Allocate spatially
79.793227636806,7.572422658459265,3.348214,LKA,3,Allocate spatially
79.79335293880308,7.57101496599415,3.348214,LKA,3,Allocate spatially
79.79347824080017,7.569607273529036,3.348214,LKA,3,Allocate spatially
79.79360354279726,7.568199581063921,3.348214,LKA,3,Allocate spatially
79.79372884479434,7.566791888598806,3.348214,LKA,3,Allocate spatially
79.79385414679145,7.565384196133692,3.348214,LKA,3,Allocate spatially
79.79397944878853,7.563976503668577,3.348214,LKA,3,Allocate spatially
79.79410475078562,7.562568811203463,3.348214,LKA,3,Allocate spatially
79.79423005278271,7.561161118738348,3.348214,LKA,3,Allocate spatially
79.7943553547798,7.559753426273234,3.348214,LKA,3,Allocate spatially
79.79448065677688,7.558345733808119,3.348214,LKA,3,Allocate spatially
79.79460595877397,7.556938041343005,3.348214,LKA,3,Allocate spatially
79.79473126077106,7.55553034887789,3.348214,LKA,3,Allocate spatially
79.79485656276815,7.554122656412776,3.348214,LKA,3,Allocate spatially
79.79498186476523,7.552714963947661,3.348214,LKA,3,Allocate spatially
79.79510716676232,7.551307271482547,3.348214,LKA,3,Allocate spatially
79.79523246875941,7.549899579017432,3.348214,LKA,3,Allocate spatially
79.7953577707565,7.548491886552318,3.348214,LKA,3,Allocate spatially
79.79548307275358,7.547084194087203,3.348214,LKA,3,Allocate spatially
79.79560837475069,7.545676501622089,3.348214,LKA,3,Allocate spatially
79.79573367674777,7.544268809156974,3.348214,LKA,3,Allocate spatially
79.79585897874486,7.54286111669186,3.348214,LKA,3,Allocate spatially
79.79598428074195,7.541453424226745,3.348214,LKA,3,Allocate spatially
79.79610958273904,7.540045731761631,3.348214,LKA,3,Allocate spatially
79.79623488473612,7.538638039296516,3.348214,LKA,3,Allocate spatially
79.79636018673321,7.537230346831401,3.348214,LKA,3,Allocate spatially
79.7964854887303,7.535822654366287,3.348214,LKA,3,Allocate spatially
79.79661079072739,7.534414961901172,3.348214,LKA,3,Allocate spatially
79.79673609272447,7.533007269436058,3.348214,LKA,3,Allocate spatially
79.79686139472156,7.531599576970943,3.348214,LKA,3,Allocate spatially
79.79698669671865,7.530191884505829,3.348214,LKA,3,Allocate spatially
79.79711199871574,7.528784192040714,3.348214,LKA,3,Allocate spatially
79.79723730071282,7.5273764995756,3.348214,LKA,3,Allocate spatially
79.79736260270991,7.525968807110485,3.348214,LKA,3,Allocate spatially
79.79748790470701,7.524561114645371,3.348214,LKA,3,Allocate spatially
79.7976132067041,7.523153422180256,3.348214,LKA,3,Allocate spatially
79.79773850870119,7.521745729715142,3.348214,LKA,3,Allocate spatially
79.79786381069827,7.520338037250027,3.348214,LKA,3,Allocate spatially
79.79798911269536,7.518930344784913,3.348214,LKA,3,Allocate spatially
79.79811441469245,7.517522652319798,3.348214,LKA,3,Allocate spatially
79.79823971668954,7.516114959854684,3.348214,LKA,3,Allocate spatially
79.79836501868662,7.514707267389569,3.348214,LKA,3,Allocate spatially
79.79849032068371,7.513299574924455,3.348214,LKA,3,Allocate spatially
79.7986156226808,7.51189188245934,3.348214,LKA,3,Allocate spatially
79.79874092467789,7.510484189994226,3.348214,LKA,3,Allocate spatially
79.79886622667497,7.509076497529111,3.348214,LKA,3,Allocate spatially
79.79899152867206,7.507668805063997,3.348214,LKA,3,Allocate spatially
79.79911683066915,7.506261112598882,3.348214,LKA,3,Allocate spatially
79.79924213266625,7.504853420133767,3.348214,LKA,3,Allocate spatially
79.79936743466334,7.503445727668653,3.348214,LKA,3,Allocate spatially
79.79949273666043,7.502038035203538,3.348214,LKA,3,Allocate spatially
79.79961803865751,7.5006303427384236,3.348214,LKA,3,Allocate spatially
79.7997433406546,7.499222650273309,3.348214,LKA,3,Allocate spatially
79.79986864265169,7.4978149578081945,3.348214,LKA,3,Allocate spatially
79.79999394464878,7.49640726534308,3.348214,LKA,3,Allocate spatially
79.80011924664586,7.4949995728779655,3.348214,LKA,3,Allocate spatially
79.80024454864295,7.4935918804128505,3.348214,LKA,3,Allocate spatially
79.80036985064004,7.492184187947736,3.348214,LKA,3,Allocate spatially
79.80049515263713,7.4907764954826215,3.348214,LKA,3,Allocate spatially
79.80062045463421,7.489368803017507,3.348214,LKA,3,Allocate spatially
79.8007457566313,7.487961110552392,3.348214,LKA,3,Allocate spatially
79.80087105862839,7.486553418087278,3.348214,LKA,3,Allocate spatially
79.80099636062548,7.485145725622163,3.348214,LKA,3,Allocate spatially
79.80112166262258,7.483738033157049,3.348214,LKA,3,Allocate spatially
79.80124696461966,7.482330340691934,3.348214,LKA,3,Allocate spatially
79.80137226661675,7.48092264822682,3.348214,LKA,3,Allocate spatially
79.80149756861384,7.479514955761705,3.348214,LKA,3,Allocate spatially
79.80162287061093,7.478107263296591,3.348214,LKA,3,Allocate spatially
79.80174817260801,7.476699570831476,3.348214,LKA,3,Allocate spatially
79.8018734746051,7.475291878366362,3.348214,LKA,3,Allocate spatially
79.80199877660219,7.473884185901247,3.348214,LKA,3,Allocate spatially
79.80212407859928,7.472476493436132,3.348214,LKA,3,Allocate spatially
79.80224938059636,7.471068800971018,3.348214,LKA,3,Allocate spatially
79.80237468259345,7.469661108505903,3.348214,LKA,3,Allocate spatially
79.80249998459054,7.468253416040789,3.348214,LKA,3,Allocate spatially
79.80262528658763,7.466845723575675,3.348214,LKA,3,Allocate spatially
79.80275058858471,7.46543803111056,3.348214,LKA,3,Allocate spatially
79.80287589058182,7.464030338645445,3.348214,LKA,3,Allocate spatially
79.8030011925789,7.462622646180331,3.348214,LKA,3,Allocate spatially
79.80312649457599,7.461214953715216,3.348214,LKA,3,Allocate spatially
79.80325179657308,7.459807261250102,3.348214,LKA,3,Allocate spatially
79.80337709857017,7.458399568784987,3.348214,LKA,3,Allocate spatially
79.80350240056725,7.456991876319873,3.348214,LKA,3,Allocate spatially
79.80362770256434,7.455584183854758,3.348214,LKA,3,Allocate spatially
79.80375300456143,7.454176491389644,3.348214,LKA,3,Allocate spatially
79.80387830655852,7.452768798924529,3.348214,LKA,3,Allocate spatially
79.8040036085556,7.451361106459415,3.348214,LKA,3,Allocate spatially
79.80412891055269,7.4499534139943,3.348214,LKA,3,Allocate spatially
79.80425421254978,7.448545721529186,3.348214,LKA,3,Allocate spatially
79.80437951454687,7.447138029064071,3.348214,LKA,3,Allocate spatially
79.80450481654395,7.445730336598957,3.348214,LKA,3,Allocate spatially
79.80463011854104,7.444322644133842,3.348214,LKA,3,Allocate spatially
79.80475542053814,7.442914951668727,3.348214,LKA,3,Allocate spatially
79.80488072253523,7.441507259203613,3.348214,LKA,3,Allocate spatially
79.80500602453232,7.440099566738498,3.348214,LKA,3,Allocate spatially
79.8051313265294,7.438691874273384,3.348214,LKA,3,Allocate spatially
79.8052566285265,7.43728418180827,3.348214,LKA,3,Allocate spatially
79.80538193052358,7.435876489343155,3.348214,LKA,3,Allocate spatially
79.80550723252067,7.434468796878041,3.348214,LKA,3,Allocate spatially
79.80563253451776,7.433061104412926,3.348214,LKA,3,Allocate spatially
79.80575783651484,7.431653411947811,3.348214,LKA,3,Allocate spatially
79.80588313851193,7.430245719482697,3.348214,LKA,3,Allocate spatially
79.80600844050902,7.428838027017582,3.348214,LKA,3,Allocate spatially
79.8061337425061,7.427430334552468,3.348214,LKA,3,Allocate spatially
79.8062590445032,7.426022642087353,3.348214,LKA,3,Allocate spatially
79.80638434650028,7.424614949622239,3.348214,LKA,3,Allocate spatially
79.80650964849738,7.423207257157124,3.348214,LKA,3,Allocate spatially
79.80663495049447,7.42179956469201,3.348214,LKA,3,Allocate spatially
79.80676025249156,7.420391872226895,3.348214,LKA,3,Allocate spatially
79.80688555448864,7.418984179761781,3.348214,LKA,3,Allocate spatially
79.80701085648573,7.417576487296666,3.348214,LKA,3,Allocate spatially
79.80713615848282,7.416168794831552,3.348214,LKA,3,Allocate spatially
79.807261460479907,7.414761102366437,3.348214,LKA,3,Allocate spatially
79.807386762477,7.4133534099013225,3.348214,LKA,3,Allocate spatially
79.80751206447408,7.411945717436208,3.348214,LKA,3,Allocate spatially
79.80763736647117,7.410538024971093,3.348214,LKA,3,Allocate spatially
79.80776266846826,7.4091303325059785,3.348214,LKA,3,Allocate spatially
79.80788797046534,7.4077226400408644,3.348214,LKA,3,Allocate spatially
79.80801327246243,7.4063149475757495,3.348214,LKA,3,Allocate spatially
79.80813857445952,7.4049072551106345,3.348214,LKA,3,Allocate spatially
79.8082638764566,7.4034995626455204,3.348214,LKA,3,Allocate spatially
79.80838917845371,7.4020918701804055,3.348214,LKA,3,Allocate spatially
79.8085144804508,7.400684177715291,3.348214,LKA,3,Allocate spatially
79.80863978244788,7.3992764852501764,3.348214,LKA,3,Allocate spatially
79.80876508444497,7.397868792785062,3.348214,LKA,3,Allocate spatially
79.80889038644206,7.396461100319947,3.348214,LKA,3,Allocate spatially
79.80901568843915,7.395053407854833,3.348214,LKA,3,Allocate spatially
79.80914099043623,7.393645715389718,3.348214,LKA,3,Allocate spatially
79.80926629243332,7.392238022924604,3.348214,LKA,3,Allocate spatially
79.80939159443041,7.390830330459489,3.348214,LKA,3,Allocate spatially
79.8095168964275,7.389422637994375,3.348214,LKA,3,Allocate spatially
79.80964219842458,7.38801494552926,3.348214,LKA,3,Allocate spatially
79.80976750042167,7.386607253064146,3.348214,LKA,3,Allocate spatially
79.80989280241876,7.385199560599031,3.348214,LKA,3,Allocate spatially
79.81001810441585,7.383791868133917,3.348214,LKA,3,Allocate spatially
79.81014340641295,7.382384175668802,3.348214,LKA,3,Allocate spatially
79.81026870841004,7.380976483203687,3.348214,LKA,3,Allocate spatially
79.81039401040712,7.379568790738573,3.348214,LKA,3,Allocate spatially
79.81051931240421,7.378161098273458,3.348214,LKA,3,Allocate spatially
79.8106446144013,7.376753405808344,3.348214,LKA,3,Allocate spatially
79.81076991639839,7.37534571334323,3.348214,LKA,3,Allocate spatially
79.81089521839547,7.373938020878115,3.348214,LKA,3,Allocate spatially
79.81102052039256,7.372530328413001,3.348214,LKA,3,Allocate spatially
79.81114582238965,7.371122635947886,3.348214,LKA,3,Allocate spatially
79.81127112438674,7.369714943482771,3.348214,LKA,3,Allocate spatially
79.81139642638382,7.368307251017657,3.348214,LKA,3,Allocate spatially
79.81152172838091,7.366899558552542,3.348214,LKA,3,Allocate spatially
79.811647030378,7.365491866087428,3.348214,LKA,3,Allocate spatially
79.81177233237509,7.364084173622313,3.348214,LKA,3,Allocate spatially
79.81189763437217,7.362676481157199,3.348214,LKA,3,Allocate spatially
79.81202293636927,7.361268788692084,3.348214,LKA,3,Allocate spatially
79.81214823836636,7.35986109622697,3.348214,LKA,3,Allocate spatially
79.81227354036345,7.358453403761855,3.348214,LKA,3,Allocate spatially
79.81239884236054,7.357045711296741,3.348214,LKA,3,Allocate spatially
79.81252414435762,7.355638018831626,3.348214,LKA,3,Allocate spatially
79.81264944635471,7.354230326366512,3.348214,LKA,3,Allocate spatially
79.8127747483518,7.352822633901397,3.348214,LKA,3,Allocate spatially
79.81290005034889,7.351414941436283,3.348214,LKA,3,Allocate spatially
79.81302535234597,7.350007248971168,3.348214,LKA,3,Allocate spatially
79.81315065434306,7.348599556506054,3.348214,LKA,3,Allocate spatially
79.81327595634015,7.347191864040939,3.348214,LKA,3,Allocate spatially
79.81340125833724,7.345784171575825,3.348214,LKA,3,Allocate spatially
79.81352656033432,7.34437647911071,3.348214,LKA,3,Allocate spatially
79.81365186233141,7.342968786645596,3.348214,LKA,3,Allocate spatially
79.8137771643285,7.341561094180481,3.348214,LKA,3,Allocate spatially
79.8139024663256,7.340153401715367,3.348214,LKA,3,Allocate spatially
79.81402776832269,7.338745709250252,3.348214,LKA,3,Allocate spatially
79.81415307031978,7.337338016785137,3.348214,LKA,3,Allocate spatially
79.81427837231686,7.335930324320023,3.348214,LKA,3,Allocate spatially
79.81440367431395,7.334522631854908,3.348214,LKA,3,Allocate spatially
79.81452897631104,7.333114939389794,3.348214,LKA,3,Allocate spatially
79.81465427830813,7.331707246924679,3.348214,LKA,3,Allocate spatially
79.81477958030521,7.330299554459565,3.348214,LKA,3,Allocate spatially
79.8149048823023,7.32889186199445,3.348214,LKA,3,Allocate spatially
79.81503018429939,7.327484169529336,3.348214,LKA,3,Allocate spatially
79.81515548629648,7.326076477064221,3.348214,LKA,3,Allocate spatially
79.81528078829356,7.3246687845991065,3.348214,LKA,3,Allocate spatially
79.81540609029065,7.323261092133992,3.348214,LKA,3,Allocate spatially
79.81553139228774,7.3218533996688775,3.348214,LKA,3,Allocate spatially
79.81565669428484,7.3204457072037625,3.348214,LKA,3,Allocate spatially
79.81578199628193,7.3190380147386485,3.348214,LKA,3,Allocate spatially
79.81590729827901,7.3176303222735335,3.348214,LKA,3,Allocate spatially
79.8160326002761,7.3162226298084185,3.348214,LKA,3,Allocate spatially
79.81615790227319,7.3148149373433045,3.348214,LKA,3,Allocate spatially
79.81628320427028,7.31340724487819,3.348214,LKA,3,Allocate spatially
79.81640850626736,7.311999552413075,3.348214,LKA,3,Allocate spatially
79.81653380826445,7.310591859947961,3.348214,LKA,3,Allocate spatially
79.81665911026154,7.309184167482846,3.348214,LKA,3,Allocate spatially
79.81678441225863,7.307776475017731,3.348214,LKA,3,Allocate spatially
79.81690971425571,7.306368782552617,3.348214,LKA,3,Allocate spatially
79.8170350162528,7.304961090087502,3.348214,LKA,3,Allocate spatially
79.81716031824989,7.303553397622388,3.348214,LKA,3,Allocate spatially
79.81728562024698,7.302145705157273,3.348214,LKA,3,Allocate spatially
79.81741092224406,7.300738012692159,3.348214,LKA,3,Allocate spatially
79.81753622424117,7.299330320227044,3.348214,LKA,3,Allocate spatially
79.81766152623825,7.29792262776193,3.348214,LKA,3,Allocate spatially
79.81778682823534,7.296514935296815,3.348214,LKA,3,Allocate spatially
79.81791213023243,7.295107242831701,3.348214,LKA,3,Allocate spatially
79.81803743222952,7.293699550366586,3.348214,LKA,3,Allocate spatially
79.8181627342266,7.292291857901472,3.348214,LKA,3,Allocate spatially
79.81828803622369,7.290884165436357,3.348214,LKA,3,Allocate spatially
79.81841333822078,7.289476472971243,3.348214,LKA,3,Allocate spatially
79.81853864021787,7.288068780506128,3.348214,LKA,3,Allocate spatially
79.81866394221495,7.286661088041013,3.348214,LKA,3,Allocate spatially
79.81878924421204,7.285253395575899,3.348214,LKA,3,Allocate spatially
79.81891454620913,7.283845703110785,3.348214,LKA,3,Allocate spatially
79.81903984820622,7.28243801064567,3.348214,LKA,3,Allocate spatially
79.8191651502033,7.281030318180556,3.348214,LKA,3,Allocate spatially
79.8192904522004,7.279622625715441,3.348214,LKA,3,Allocate spatially
79.8194157541975,7.278214933250327,3.348214,LKA,3,Allocate spatially
79.81954105619458,7.276807240785212,3.348214,LKA,3,Allocate spatially
79.81966635819167,7.275399548320097,3.348214,LKA,3,Allocate spatially
79.81979166018876,7.273991855854983,3.348214,LKA,3,Allocate spatially
79.81991696218584,7.272584163389868,3.348214,LKA,3,Allocate spatially
79.82004226418293,7.271176470924754,3.348214,LKA,3,Allocate spatially
79.82016756618002,7.269768778459639,3.348214,LKA,3,Allocate spatially
79.8202928681771,7.268361085994525,3.348214,LKA,3,Allocate spatially
79.8204181701742,7.266953393529411,3.348214,LKA,3,Allocate spatially
